system_slug,system_name,system_description,source_short_title,source_full_title,source_edition,source_year,source_citation,source_url,subject_system_slug,object_system_slug,subject_name,subject_kind,subject_description,object_name,object_kind,object_description,subject_aliases,object_aliases,relation_slug,relation_label,source_locator,note,confidence,variant_group,is_editorial
golden_dawn_777_starter,Golden Dawn / Crowley 777 Starter,"Starter dataset grounded in Golden Dawn style Tree of Life correspondences, Hermetic Library summaries, and a small number of clearly marked editorial rollups for practical planet lookups.",JWMT Tree,The Tree of Life: Filing Cabinet of the Western Mystery Tradition and Methods to Recall the Information,Hermetic Library web text,,"Samuel Scarborough, ""The Tree of Life: Filing Cabinet of the Western Mystery Tradition and Methods to Recall the Information,"" Journal of the Western Mystery Tradition / Hermetic Library.",https://hermetic.com/jwmt/v1n3/treeoflife,,,Kether,sephirah,"Kether, sephirah 1 on the Tree of Life in a Golden Dawn / 777-style scheme.",Crown,concept,,Keter|כתר|כֶּתֶר,,meaning_of,Meaning,Kether Correspondences,,0.95,sephiroth,
golden_dawn_777_starter,Golden Dawn / Crowley 777 Starter,"Starter dataset grounded in Golden Dawn style Tree of Life correspondences, Hermetic Library summaries, and a small number of clearly marked editorial rollups for practical planet lookups.",JWMT Tree,The Tree of Life: Filing Cabinet of the Western Mystery Tradition and Methods to Recall the Information,Hermetic Library web text,,"Samuel Scarborough, ""The Tree of Life: Filing Cabinet of the Western Mystery Tradition and Methods to Recall the Information,"" Journal of the Western Mystery Tradition / Hermetic Library.",https://hermetic.com/jwmt/v1n3/treeoflife,,,Kether,sephirah,"Kether, sephirah 1 on the Tree of Life in a Golden Dawn / 777-style scheme.",1,number,,Keter|כתר|כֶּתֶר,,number_of,Number,Kether Correspondences,,0.95,sephiroth,
golden_dawn_777_starter,Golden Dawn / Crowley 777 Starter,"Starter dataset grounded in Golden Dawn style Tree of Life correspondences, Hermetic Library summaries, and a small number of clearly marked editorial rollups for practical planet lookups.",JWMT Tree,The Tree of Life: Filing Cabinet of the Western Mystery Tradition and Methods to Recall the Information,Hermetic Library web text,,"Samuel Scarborough, ""The Tree of Life: Filing Cabinet of the Western Mystery Tradition and Methods to Recall the Information,"" Journal of the Western Mystery Tradition / Hermetic Library.",https://hermetic.com/jwmt/v1n3/treeoflife,,,Kether,sephirah,"Kether, sephirah 1 on the Tree of Life in a Golden Dawn / 777-style scheme.",White Brilliance,color,Golden Dawn Queen Scale color.,Keter|כתר|כֶּתֶר,,color_of,Color,Kether Correspondences,,0.95,sephiroth,
golden_dawn_777_starter,Golden Dawn / Crowley 777 Starter,"Starter dataset grounded in Golden Dawn style Tree of Life correspondences, Hermetic Library summaries, and a small number of clearly marked editorial rollups for practical planet lookups.",JWMT Tree,The Tree of Life: Filing Cabinet of the Western Mystery Tradition and Methods to Recall the Information,Hermetic Library web text,,"Samuel Scarborough, ""The Tree of Life: Filing Cabinet of the Western Mystery Tradition and Methods to Recall the Information,"" Journal of the Western Mystery Tradition / Hermetic Library.",https://hermetic.com/jwmt/v1n3/treeoflife,,,Kether,sephirah,"Kether, sephirah 1 on the Tree of Life in a Golden Dawn / 777-style scheme.",Eheieh,divine_name,,Keter|כתר|כֶּתֶר,,divine_name_of,Divine Name,Kether Correspondences,,0.95,sephiroth,
golden_dawn_777_starter,Golden Dawn / Crowley 777 Starter,"Starter dataset grounded in Golden Dawn style Tree of Life correspondences, Hermetic Library summaries, and a small number of clearly marked editorial rollups for practical planet lookups.",JWMT Tree,The Tree of Life: Filing Cabinet of the Western Mystery Tradition and Methods to Recall the Information,Hermetic Library web text,,"Samuel Scarborough, ""The Tree of Life: Filing Cabinet of the Western Mystery Tradition and Methods to Recall the Information,"" Journal of the Western Mystery Tradition / Hermetic Library.",https://hermetic.com/jwmt/v1n3/treeoflife,,,Kether,sephirah,"Kether, sephirah 1 on the Tree of Life in a Golden Dawn / 777-style scheme.",Metatron,angel,,Keter|כתר|כֶּתֶר,,archangel_of,Archangel,Kether Correspondences,,0.95,sephiroth,
golden_dawn_777_starter,Golden Dawn / Crowley 777 Starter,"Starter dataset grounded in Golden Dawn style Tree of Life correspondences, Hermetic Library summaries, and a small number of clearly marked editorial rollups for practical planet lookups.",JWMT Tree,The Tree of Life: Filing Cabinet of the Western Mystery Tradition and Methods to Recall the Information,Hermetic Library web text,,"Samuel Scarborough, ""The Tree of Life: Filing Cabinet of the Western Mystery Tradition and Methods to Recall the Information,"" Journal of the Western Mystery Tradition / Hermetic Library.",https://hermetic.com/jwmt/v1n3/treeoflife,,,Kether,sephirah,"Kether, sephirah 1 on the Tree of Life in a Golden Dawn / 777-style scheme.",Chayoth ha-Qadesh,angelic_order,,Keter|כתר|כֶּתֶר,,angelic_choir_of,Angelic Choir,Kether Correspondences,,0.95,sephiroth,
golden_dawn_777_starter,Golden Dawn / Crowley 777 Starter,"Starter dataset grounded in Golden Dawn style Tree of Life correspondences, Hermetic Library summaries, and a small number of clearly marked editorial rollups for practical planet lookups.",JWMT Tree,The Tree of Life: Filing Cabinet of the Western Mystery Tradition and Methods to Recall the Information,Hermetic Library web text,,"Samuel Scarborough, ""The Tree of Life: Filing Cabinet of the Western Mystery Tradition and Methods to Recall the Information,"" Journal of the Western Mystery Tradition / Hermetic Library.",https://hermetic.com/jwmt/v1n3/treeoflife,,,Kether,sephirah,"Kether, sephirah 1 on the Tree of Life in a Golden Dawn / 777-style scheme.",Holy Living Ones,translation,,Keter|כתר|כֶּתֶר,,angelic_choir_translation_of,Angelic Choir Translation,Kether Correspondences,,0.9,sephiroth,
golden_dawn_777_starter,Golden Dawn / Crowley 777 Starter,"Starter dataset grounded in Golden Dawn style Tree of Life correspondences, Hermetic Library summaries, and a small number of clearly marked editorial rollups for practical planet lookups.",JWMT Tree,The Tree of Life: Filing Cabinet of the Western Mystery Tradition and Methods to Recall the Information,Hermetic Library web text,,"Samuel Scarborough, ""The Tree of Life: Filing Cabinet of the Western Mystery Tradition and Methods to Recall the Information,"" Journal of the Western Mystery Tradition / Hermetic Library.",https://hermetic.com/jwmt/v1n3/treeoflife,,,Kether,sephirah,"Kether, sephirah 1 on the Tree of Life in a Golden Dawn / 777-style scheme.",Ambergris,perfume,,Keter|כתר|כֶּתֶר,,perfume_of,Perfume,Kether Correspondences,Listed as scent in the source page.,0.9,sephiroth,
golden_dawn_777_starter,Golden Dawn / Crowley 777 Starter,"Starter dataset grounded in Golden Dawn style Tree of Life correspondences, Hermetic Library summaries, and a small number of clearly marked editorial rollups for practical planet lookups.",JWMT Tree,The Tree of Life: Filing Cabinet of the Western Mystery Tradition and Methods to Recall the Information,Hermetic Library web text,,"Samuel Scarborough, ""The Tree of Life: Filing Cabinet of the Western Mystery Tradition and Methods to Recall the Information,"" Journal of the Western Mystery Tradition / Hermetic Library.",https://hermetic.com/jwmt/v1n3/treeoflife,,,Kether,sephirah,"Kether, sephirah 1 on the Tree of Life in a Golden Dawn / 777-style scheme.",1st Whirlings,celestial_sphere,,Keter|כתר|כֶּתֶר,,planetary_attribution,Attribution,Kether Correspondences,,0.9,sephiroth,
golden_dawn_777_starter,Golden Dawn / Crowley 777 Starter,"Starter dataset grounded in Golden Dawn style Tree of Life correspondences, Hermetic Library summaries, and a small number of clearly marked editorial rollups for practical planet lookups.",JWMT Tree,The Tree of Life: Filing Cabinet of the Western Mystery Tradition and Methods to Recall the Information,Hermetic Library web text,,"Samuel Scarborough, ""The Tree of Life: Filing Cabinet of the Western Mystery Tradition and Methods to Recall the Information,"" Journal of the Western Mystery Tradition / Hermetic Library.",https://hermetic.com/jwmt/v1n3/treeoflife,,,Kether,sephirah,"Kether, sephirah 1 on the Tree of Life in a Golden Dawn / 777-style scheme.",Diamond,stone,,Keter|כתר|כֶּתֶר,,stone_of,Stone,Kether Correspondences,,0.95,sephiroth,
golden_dawn_777_starter,Golden Dawn / Crowley 777 Starter,"Starter dataset grounded in Golden Dawn style Tree of Life correspondences, Hermetic Library summaries, and a small number of clearly marked editorial rollups for practical planet lookups.",JWMT Tree,The Tree of Life: Filing Cabinet of the Western Mystery Tradition and Methods to Recall the Information,Hermetic Library web text,,"Samuel Scarborough, ""The Tree of Life: Filing Cabinet of the Western Mystery Tradition and Methods to Recall the Information,"" Journal of the Western Mystery Tradition / Hermetic Library.",https://hermetic.com/jwmt/v1n3/treeoflife,,,Kether,sephirah,"Kether, sephirah 1 on the Tree of Life in a Golden Dawn / 777-style scheme.",Almond flower,plant,,Keter|כתר|כֶּתֶר,,plant_of,Plant,Kether Correspondences,,0.9,sephiroth,
golden_dawn_777_starter,Golden Dawn / Crowley 777 Starter,"Starter dataset grounded in Golden Dawn style Tree of Life correspondences, Hermetic Library summaries, and a small number of clearly marked editorial rollups for practical planet lookups.",JWMT Tree,The Tree of Life: Filing Cabinet of the Western Mystery Tradition and Methods to Recall the Information,Hermetic Library web text,,"Samuel Scarborough, ""The Tree of Life: Filing Cabinet of the Western Mystery Tradition and Methods to Recall the Information,"" Journal of the Western Mystery Tradition / Hermetic Library.",https://hermetic.com/jwmt/v1n3/treeoflife,,,Kether,sephirah,"Kether, sephirah 1 on the Tree of Life in a Golden Dawn / 777-style scheme.",The Point,symbol,,Keter|כתר|כֶּתֶר,,symbol_of,Symbol,Kether Correspondences,Geometric symbol in the source page.,0.9,sephiroth,
golden_dawn_777_starter,Golden Dawn / Crowley 777 Starter,"Starter dataset grounded in Golden Dawn style Tree of Life correspondences, Hermetic Library summaries, and a small number of clearly marked editorial rollups for practical planet lookups.",JWMT Tree,The Tree of Life: Filing Cabinet of the Western Mystery Tradition and Methods to Recall the Information,Hermetic Library web text,,"Samuel Scarborough, ""The Tree of Life: Filing Cabinet of the Western Mystery Tradition and Methods to Recall the Information,"" Journal of the Western Mystery Tradition / Hermetic Library.",https://hermetic.com/jwmt/v1n3/treeoflife,,,Kether,sephirah,"Kether, sephirah 1 on the Tree of Life in a Golden Dawn / 777-style scheme.",Aces,tarot,,Keter|כתר|כֶּתֶר,,tarot_attribution,Tarot,Tarot placement chart,Minor-arcana / court-card placement chart.,0.95,sephiroth,
golden_dawn_777_starter,Golden Dawn / Crowley 777 Starter,"Starter dataset grounded in Golden Dawn style Tree of Life correspondences, Hermetic Library summaries, and a small number of clearly marked editorial rollups for practical planet lookups.",JWMT Tree,The Tree of Life: Filing Cabinet of the Western Mystery Tradition and Methods to Recall the Information,Hermetic Library web text,,"Samuel Scarborough, ""The Tree of Life: Filing Cabinet of the Western Mystery Tradition and Methods to Recall the Information,"" Journal of the Western Mystery Tradition / Hermetic Library.",https://hermetic.com/jwmt/v1n3/treeoflife,,,Kether,sephirah,"Kether, sephirah 1 on the Tree of Life in a Golden Dawn / 777-style scheme.",Aither,deity,,Keter|כתר|כֶּתֶר,,greek_deity_of,Greek Deity,Pantheon chart,,0.85,pantheons,
golden_dawn_777_starter,Golden Dawn / Crowley 777 Starter,"Starter dataset grounded in Golden Dawn style Tree of Life correspondences, Hermetic Library summaries, and a small number of clearly marked editorial rollups for practical planet lookups.",JWMT Tree,The Tree of Life: Filing Cabinet of the Western Mystery Tradition and Methods to Recall the Information,Hermetic Library web text,,"Samuel Scarborough, ""The Tree of Life: Filing Cabinet of the Western Mystery Tradition and Methods to Recall the Information,"" Journal of the Western Mystery Tradition / Hermetic Library.",https://hermetic.com/jwmt/v1n3/treeoflife,,,Kether,sephirah,"Kether, sephirah 1 on the Tree of Life in a Golden Dawn / 777-style scheme.",Aether,deity,,Keter|כתר|כֶּתֶר,,roman_deity_of,Roman Deity,Pantheon chart,,0.85,pantheons,
golden_dawn_777_starter,Golden Dawn / Crowley 777 Starter,"Starter dataset grounded in Golden Dawn style Tree of Life correspondences, Hermetic Library summaries, and a small number of clearly marked editorial rollups for practical planet lookups.",JWMT Tree,The Tree of Life: Filing Cabinet of the Western Mystery Tradition and Methods to Recall the Information,Hermetic Library web text,,"Samuel Scarborough, ""The Tree of Life: Filing Cabinet of the Western Mystery Tradition and Methods to Recall the Information,"" Journal of the Western Mystery Tradition / Hermetic Library.",https://hermetic.com/jwmt/v1n3/treeoflife,,,Chokmah,sephirah,"Chokmah, sephirah 2 on the Tree of Life in a Golden Dawn / 777-style scheme.",Wisdom,concept,,Chokmah|Chokmah|חכמה|חָכְמָה|Chochmah,,meaning_of,Meaning,Chokmah Correspondences,,0.95,sephiroth,
golden_dawn_777_starter,Golden Dawn / Crowley 777 Starter,"Starter dataset grounded in Golden Dawn style Tree of Life correspondences, Hermetic Library summaries, and a small number of clearly marked editorial rollups for practical planet lookups.",JWMT Tree,The Tree of Life: Filing Cabinet of the Western Mystery Tradition and Methods to Recall the Information,Hermetic Library web text,,"Samuel Scarborough, ""The Tree of Life: Filing Cabinet of the Western Mystery Tradition and Methods to Recall the Information,"" Journal of the Western Mystery Tradition / Hermetic Library.",https://hermetic.com/jwmt/v1n3/treeoflife,,,Chokmah,sephirah,"Chokmah, sephirah 2 on the Tree of Life in a Golden Dawn / 777-style scheme.",2,number,,Chokmah|Chokmah|חכמה|חָכְמָה|Chochmah,,number_of,Number,Chokmah Correspondences,,0.95,sephiroth,
golden_dawn_777_starter,Golden Dawn / Crowley 777 Starter,"Starter dataset grounded in Golden Dawn style Tree of Life correspondences, Hermetic Library summaries, and a small number of clearly marked editorial rollups for practical planet lookups.",JWMT Tree,The Tree of Life: Filing Cabinet of the Western Mystery Tradition and Methods to Recall the Information,Hermetic Library web text,,"Samuel Scarborough, ""The Tree of Life: Filing Cabinet of the Western Mystery Tradition and Methods to Recall the Information,"" Journal of the Western Mystery Tradition / Hermetic Library.",https://hermetic.com/jwmt/v1n3/treeoflife,,,Chokmah,sephirah,"Chokmah, sephirah 2 on the Tree of Life in a Golden Dawn / 777-style scheme.",Grey,color,Golden Dawn Queen Scale color.,Chokmah|Chokmah|חכמה|חָכְמָה|Chochmah,,color_of,Color,Chokmah Correspondences,,0.95,sephiroth,
golden_dawn_777_starter,Golden Dawn / Crowley 777 Starter,"Starter dataset grounded in Golden Dawn style Tree of Life correspondences, Hermetic Library summaries, and a small number of clearly marked editorial rollups for practical planet lookups.",JWMT Tree,The Tree of Life: Filing Cabinet of the Western Mystery Tradition and Methods to Recall the Information,Hermetic Library web text,,"Samuel Scarborough, ""The Tree of Life: Filing Cabinet of the Western Mystery Tradition and Methods to Recall the Information,"" Journal of the Western Mystery Tradition / Hermetic Library.",https://hermetic.com/jwmt/v1n3/treeoflife,,,Chokmah,sephirah,"Chokmah, sephirah 2 on the Tree of Life in a Golden Dawn / 777-style scheme.",Yah,divine_name,,Chokmah|Chokmah|חכמה|חָכְמָה|Chochmah,,divine_name_of,Divine Name,Chokmah Correspondences,,0.95,sephiroth,
golden_dawn_777_starter,Golden Dawn / Crowley 777 Starter,"Starter dataset grounded in Golden Dawn style Tree of Life correspondences, Hermetic Library summaries, and a small number of clearly marked editorial rollups for practical planet lookups.",JWMT Tree,The Tree of Life: Filing Cabinet of the Western Mystery Tradition and Methods to Recall the Information,Hermetic Library web text,,"Samuel Scarborough, ""The Tree of Life: Filing Cabinet of the Western Mystery Tradition and Methods to Recall the Information,"" Journal of the Western Mystery Tradition / Hermetic Library.",https://hermetic.com/jwmt/v1n3/treeoflife,,,Chokmah,sephirah,"Chokmah, sephirah 2 on the Tree of Life in a Golden Dawn / 777-style scheme.",Raziel,angel,,Chokmah|Chokmah|חכמה|חָכְמָה|Chochmah,,archangel_of,Archangel,Chokmah Correspondences,,0.95,sephiroth,
golden_dawn_777_starter,Golden Dawn / Crowley 777 Starter,"Starter dataset grounded in Golden Dawn style Tree of Life correspondences, Hermetic Library summaries, and a small number of clearly marked editorial rollups for practical planet lookups.",JWMT Tree,The Tree of Life: Filing Cabinet of the Western Mystery Tradition and Methods to Recall the Information,Hermetic Library web text,,"Samuel Scarborough, ""The Tree of Life: Filing Cabinet of the Western Mystery Tradition and Methods to Recall the Information,"" Journal of the Western Mystery Tradition / Hermetic Library.",https://hermetic.com/jwmt/v1n3/treeoflife,,,Chokmah,sephirah,"Chokmah, sephirah 2 on the Tree of Life in a Golden Dawn / 777-style scheme.",Ophanim,angelic_order,,Chokmah|Chokmah|חכמה|חָכְמָה|Chochmah,,angelic_choir_of,Angelic Choir,Chokmah Correspondences,,0.95,sephiroth,
golden_dawn_777_starter,Golden Dawn / Crowley 777 Starter,"Starter dataset grounded in Golden Dawn style Tree of Life correspondences, Hermetic Library summaries, and a small number of clearly marked editorial rollups for practical planet lookups.",JWMT Tree,The Tree of Life: Filing Cabinet of the Western Mystery Tradition and Methods to Recall the Information,Hermetic Library web text,,"Samuel Scarborough, ""The Tree of Life: Filing Cabinet of the Western Mystery Tradition and Methods to Recall the Information,"" Journal of the Western Mystery Tradition / Hermetic Library.",https://hermetic.com/jwmt/v1n3/treeoflife,,,Chokmah,sephirah,"Chokmah, sephirah 2 on the Tree of Life in a Golden Dawn / 777-style scheme.",Wheels,translation,,Chokmah|Chokmah|חכמה|חָכְמָה|Chochmah,,angelic_choir_translation_of,Angelic Choir Translation,Chokmah Correspondences,,0.9,sephiroth,
golden_dawn_777_starter,Golden Dawn / Crowley 777 Starter,"Starter dataset grounded in Golden Dawn style Tree of Life correspondences, Hermetic Library summaries, and a small number of clearly marked editorial rollups for practical planet lookups.",JWMT Tree,The Tree of Life: Filing Cabinet of the Western Mystery Tradition and Methods to Recall the Information,Hermetic Library web text,,"Samuel Scarborough, ""The Tree of Life: Filing Cabinet of the Western Mystery Tradition and Methods to Recall the Information,"" Journal of the Western Mystery Tradition / Hermetic Library.",https://hermetic.com/jwmt/v1n3/treeoflife,,,Chokmah,sephirah,"Chokmah, sephirah 2 on the Tree of Life in a Golden Dawn / 777-style scheme.",Musk,perfume,,Chokmah|Chokmah|חכמה|חָכְמָה|Chochmah,,perfume_of,Perfume,Chokmah Correspondences,Listed as scent in the source page.,0.9,sephiroth,
golden_dawn_777_starter,Golden Dawn / Crowley 777 Starter,"Starter dataset grounded in Golden Dawn style Tree of Life correspondences, Hermetic Library summaries, and a small number of clearly marked editorial rollups for practical planet lookups.",JWMT Tree,The Tree of Life: Filing Cabinet of the Western Mystery Tradition and Methods to Recall the Information,Hermetic Library web text,,"Samuel Scarborough, ""The Tree of Life: Filing Cabinet of the Western Mystery Tradition and Methods to Recall the Information,"" Journal of the Western Mystery Tradition / Hermetic Library.",https://hermetic.com/jwmt/v1n3/treeoflife,,,Chokmah,sephirah,"Chokmah, sephirah 2 on the Tree of Life in a Golden Dawn / 777-style scheme.",Zodiac,astrological_domain,,Chokmah|Chokmah|חכמה|חָכְמָה|Chochmah,,planetary_attribution,Attribution,Chokmah Correspondences,,0.9,sephiroth,
golden_dawn_777_starter,Golden Dawn / Crowley 777 Starter,"Starter dataset grounded in Golden Dawn style Tree of Life correspondences, Hermetic Library summaries, and a small number of clearly marked editorial rollups for practical planet lookups.",JWMT Tree,The Tree of Life: Filing Cabinet of the Western Mystery Tradition and Methods to Recall the Information,Hermetic Library web text,,"Samuel Scarborough, ""The Tree of Life: Filing Cabinet of the Western Mystery Tradition and Methods to Recall the Information,"" Journal of the Western Mystery Tradition / Hermetic Library.",https://hermetic.com/jwmt/v1n3/treeoflife,,,Chokmah,sephirah,"Chokmah, sephirah 2 on the Tree of Life in a Golden Dawn / 777-style scheme.",Star Ruby,stone,,Chokmah|Chokmah|חכמה|חָכְמָה|Chochmah,,stone_of,Stone,Chokmah Correspondences,,0.95,sephiroth,
golden_dawn_777_starter,Golden Dawn / Crowley 777 Starter,"Starter dataset grounded in Golden Dawn style Tree of Life correspondences, Hermetic Library summaries, and a small number of clearly marked editorial rollups for practical planet lookups.",JWMT Tree,The Tree of Life: Filing Cabinet of the Western Mystery Tradition and Methods to Recall the Information,Hermetic Library web text,,"Samuel Scarborough, ""The Tree of Life: Filing Cabinet of the Western Mystery Tradition and Methods to Recall the Information,"" Journal of the Western Mystery Tradition / Hermetic Library.",https://hermetic.com/jwmt/v1n3/treeoflife,,,Chokmah,sephirah,"Chokmah, sephirah 2 on the Tree of Life in a Golden Dawn / 777-style scheme.",Amaranth,plant,,Chokmah|Chokmah|חכמה|חָכְמָה|Chochmah,,plant_of,Plant,Chokmah Correspondences,,0.9,sephiroth,
golden_dawn_777_starter,Golden Dawn / Crowley 777 Starter,"Starter dataset grounded in Golden Dawn style Tree of Life correspondences, Hermetic Library summaries, and a small number of clearly marked editorial rollups for practical planet lookups.",JWMT Tree,The Tree of Life: Filing Cabinet of the Western Mystery Tradition and Methods to Recall the Information,Hermetic Library web text,,"Samuel Scarborough, ""The Tree of Life: Filing Cabinet of the Western Mystery Tradition and Methods to Recall the Information,"" Journal of the Western Mystery Tradition / Hermetic Library.",https://hermetic.com/jwmt/v1n3/treeoflife,,,Chokmah,sephirah,"Chokmah, sephirah 2 on the Tree of Life in a Golden Dawn / 777-style scheme.",The Line,symbol,,Chokmah|Chokmah|חכמה|חָכְמָה|Chochmah,,symbol_of,Symbol,Chokmah Correspondences,Geometric symbol in the source page.,0.9,sephiroth,
golden_dawn_777_starter,Golden Dawn / Crowley 777 Starter,"Starter dataset grounded in Golden Dawn style Tree of Life correspondences, Hermetic Library summaries, and a small number of clearly marked editorial rollups for practical planet lookups.",JWMT Tree,The Tree of Life: Filing Cabinet of the Western Mystery Tradition and Methods to Recall the Information,Hermetic Library web text,,"Samuel Scarborough, ""The Tree of Life: Filing Cabinet of the Western Mystery Tradition and Methods to Recall the Information,"" Journal of the Western Mystery Tradition / Hermetic Library.",https://hermetic.com/jwmt/v1n3/treeoflife,,,Chokmah,sephirah,"Chokmah, sephirah 2 on the Tree of Life in a Golden Dawn / 777-style scheme.",Kings & Twos,tarot,,Chokmah|Chokmah|חכמה|חָכְמָה|Chochmah,,tarot_attribution,Tarot,Tarot placement chart,Minor-arcana / court-card placement chart.,0.95,sephiroth,
golden_dawn_777_starter,Golden Dawn / Crowley 777 Starter,"Starter dataset grounded in Golden Dawn style Tree of Life correspondences, Hermetic Library summaries, and a small number of clearly marked editorial rollups for practical planet lookups.",JWMT Tree,The Tree of Life: Filing Cabinet of the Western Mystery Tradition and Methods to Recall the Information,Hermetic Library web text,,"Samuel Scarborough, ""The Tree of Life: Filing Cabinet of the Western Mystery Tradition and Methods to Recall the Information,"" Journal of the Western Mystery Tradition / Hermetic Library.",https://hermetic.com/jwmt/v1n3/treeoflife,,,Chokmah,sephirah,"Chokmah, sephirah 2 on the Tree of Life in a Golden Dawn / 777-style scheme.",Uranus,deity,,Chokmah|Chokmah|חכמה|חָכְמָה|Chochmah,,greek_deity_of,Greek Deity,Pantheon chart,,0.85,pantheons,
golden_dawn_777_starter,Golden Dawn / Crowley 777 Starter,"Starter dataset grounded in Golden Dawn style Tree of Life correspondences, Hermetic Library summaries, and a small number of clearly marked editorial rollups for practical planet lookups.",JWMT Tree,The Tree of Life: Filing Cabinet of the Western Mystery Tradition and Methods to Recall the Information,Hermetic Library web text,,"Samuel Scarborough, ""The Tree of Life: Filing Cabinet of the Western Mystery Tradition and Methods to Recall the Information,"" Journal of the Western Mystery Tradition / Hermetic Library.",https://hermetic.com/jwmt/v1n3/treeoflife,,,Chokmah,sephirah,"Chokmah, sephirah 2 on the Tree of Life in a Golden Dawn / 777-style scheme.",Coelus,deity,,Chokmah|Chokmah|חכמה|חָכְמָה|Chochmah,,roman_deity_of,Roman Deity,Pantheon chart,,0.85,pantheons,
golden_dawn_777_starter,Golden Dawn / Crowley 777 Starter,"Starter dataset grounded in Golden Dawn style Tree of Life correspondences, Hermetic Library summaries, and a small number of clearly marked editorial rollups for practical planet lookups.",JWMT Tree,The Tree of Life: Filing Cabinet of the Western Mystery Tradition and Methods to Recall the Information,Hermetic Library web text,,"Samuel Scarborough, ""The Tree of Life: Filing Cabinet of the Western Mystery Tradition and Methods to Recall the Information,"" Journal of the Western Mystery Tradition / Hermetic Library.",https://hermetic.com/jwmt/v1n3/treeoflife,,,Binah,sephirah,"Binah, sephirah 3 on the Tree of Life in a Golden Dawn / 777-style scheme.",Understanding,concept,,Binah|בינה,,meaning_of,Meaning,Binah Correspondences,,0.95,sephiroth,
golden_dawn_777_starter,Golden Dawn / Crowley 777 Starter,"Starter dataset grounded in Golden Dawn style Tree of Life correspondences, Hermetic Library summaries, and a small number of clearly marked editorial rollups for practical planet lookups.",JWMT Tree,The Tree of Life: Filing Cabinet of the Western Mystery Tradition and Methods to Recall the Information,Hermetic Library web text,,"Samuel Scarborough, ""The Tree of Life: Filing Cabinet of the Western Mystery Tradition and Methods to Recall the Information,"" Journal of the Western Mystery Tradition / Hermetic Library.",https://hermetic.com/jwmt/v1n3/treeoflife,,,Binah,sephirah,"Binah, sephirah 3 on the Tree of Life in a Golden Dawn / 777-style scheme.",3,number,,Binah|בינה,,number_of,Number,Binah Correspondences,,0.95,sephiroth,
golden_dawn_777_starter,Golden Dawn / Crowley 777 Starter,"Starter dataset grounded in Golden Dawn style Tree of Life correspondences, Hermetic Library summaries, and a small number of clearly marked editorial rollups for practical planet lookups.",JWMT Tree,The Tree of Life: Filing Cabinet of the Western Mystery Tradition and Methods to Recall the Information,Hermetic Library web text,,"Samuel Scarborough, ""The Tree of Life: Filing Cabinet of the Western Mystery Tradition and Methods to Recall the Information,"" Journal of the Western Mystery Tradition / Hermetic Library.",https://hermetic.com/jwmt/v1n3/treeoflife,,,Binah,sephirah,"Binah, sephirah 3 on the Tree of Life in a Golden Dawn / 777-style scheme.",Black,color,Golden Dawn Queen Scale color.,Binah|בינה,,color_of,Color,Binah Correspondences,,0.95,sephiroth,
golden_dawn_777_starter,Golden Dawn / Crowley 777 Starter,"Starter dataset grounded in Golden Dawn style Tree of Life correspondences, Hermetic Library summaries, and a small number of clearly marked editorial rollups for practical planet lookups.",JWMT Tree,The Tree of Life: Filing Cabinet of the Western Mystery Tradition and Methods to Recall the Information,Hermetic Library web text,,"Samuel Scarborough, ""The Tree of Life: Filing Cabinet of the Western Mystery Tradition and Methods to Recall the Information,"" Journal of the Western Mystery Tradition / Hermetic Library.",https://hermetic.com/jwmt/v1n3/treeoflife,,,Binah,sephirah,"Binah, sephirah 3 on the Tree of Life in a Golden Dawn / 777-style scheme.",YHVH Elohim,divine_name,,Binah|בינה,,divine_name_of,Divine Name,Binah Correspondences,,0.95,sephiroth,
golden_dawn_777_starter,Golden Dawn / Crowley 777 Starter,"Starter dataset grounded in Golden Dawn style Tree of Life correspondences, Hermetic Library summaries, and a small number of clearly marked editorial rollups for practical planet lookups.",JWMT Tree,The Tree of Life: Filing Cabinet of the Western Mystery Tradition and Methods to Recall the Information,Hermetic Library web text,,"Samuel Scarborough, ""The Tree of Life: Filing Cabinet of the Western Mystery Tradition and Methods to Recall the Information,"" Journal of the Western Mystery Tradition / Hermetic Library.",https://hermetic.com/jwmt/v1n3/treeoflife,,,Binah,sephirah,"Binah, sephirah 3 on the Tree of Life in a Golden Dawn / 777-style scheme.",Tzaphqiel,angel,,Binah|בינה,,archangel_of,Archangel,Binah Correspondences,,0.95,sephiroth,
golden_dawn_777_starter,Golden Dawn / Crowley 777 Starter,"Starter dataset grounded in Golden Dawn style Tree of Life correspondences, Hermetic Library summaries, and a small number of clearly marked editorial rollups for practical planet lookups.",JWMT Tree,The Tree of Life: Filing Cabinet of the Western Mystery Tradition and Methods to Recall the Information,Hermetic Library web text,,"Samuel Scarborough, ""The Tree of Life: Filing Cabinet of the Western Mystery Tradition and Methods to Recall the Information,"" Journal of the Western Mystery Tradition / Hermetic Library.",https://hermetic.com/jwmt/v1n3/treeoflife,,,Binah,sephirah,"Binah, sephirah 3 on the Tree of Life in a Golden Dawn / 777-style scheme.",Aralim,angelic_order,,Binah|בינה,,angelic_choir_of,Angelic Choir,Binah Correspondences,,0.95,sephiroth,
golden_dawn_777_starter,Golden Dawn / Crowley 777 Starter,"Starter dataset grounded in Golden Dawn style Tree of Life correspondences, Hermetic Library summaries, and a small number of clearly marked editorial rollups for practical planet lookups.",JWMT Tree,The Tree of Life: Filing Cabinet of the Western Mystery Tradition and Methods to Recall the Information,Hermetic Library web text,,"Samuel Scarborough, ""The Tree of Life: Filing Cabinet of the Western Mystery Tradition and Methods to Recall the Information,"" Journal of the Western Mystery Tradition / Hermetic Library.",https://hermetic.com/jwmt/v1n3/treeoflife,,,Binah,sephirah,"Binah, sephirah 3 on the Tree of Life in a Golden Dawn / 777-style scheme.",Thrones,translation,,Binah|בינה,,angelic_choir_translation_of,Angelic Choir Translation,Binah Correspondences,,0.9,sephiroth,
golden_dawn_777_starter,Golden Dawn / Crowley 777 Starter,"Starter dataset grounded in Golden Dawn style Tree of Life correspondences, Hermetic Library summaries, and a small number of clearly marked editorial rollups for practical planet lookups.",JWMT Tree,The Tree of Life: Filing Cabinet of the Western Mystery Tradition and Methods to Recall the Information,Hermetic Library web text,,"Samuel Scarborough, ""The Tree of Life: Filing Cabinet of the Western Mystery Tradition and Methods to Recall the Information,"" Journal of the Western Mystery Tradition / Hermetic Library.",https://hermetic.com/jwmt/v1n3/treeoflife,,,Binah,sephirah,"Binah, sephirah 3 on the Tree of Life in a Golden Dawn / 777-style scheme.",Myrrh,perfume,,Binah|בינה,,perfume_of,Perfume,Binah Correspondences,Listed as scent in the source page.,0.9,sephiroth,
golden_dawn_777_starter,Golden Dawn / Crowley 777 Starter,"Starter dataset grounded in Golden Dawn style Tree of Life correspondences, Hermetic Library summaries, and a small number of clearly marked editorial rollups for practical planet lookups.",JWMT Tree,The Tree of Life: Filing Cabinet of the Western Mystery Tradition and Methods to Recall the Information,Hermetic Library web text,,"Samuel Scarborough, ""The Tree of Life: Filing Cabinet of the Western Mystery Tradition and Methods to Recall the Information,"" Journal of the Western Mystery Tradition / Hermetic Library.",https://hermetic.com/jwmt/v1n3/treeoflife,,,Binah,sephirah,"Binah, sephirah 3 on the Tree of Life in a Golden Dawn / 777-style scheme.",Saturn,planet,,Binah|בינה,,planetary_attribution,Planet,Binah Correspondences,,0.95,sephiroth,
golden_dawn_777_starter,Golden Dawn / Crowley 777 Starter,"Starter dataset grounded in Golden Dawn style Tree of Life correspondences, Hermetic Library summaries, and a small number of clearly marked editorial rollups for practical planet lookups.",JWMT Tree,The Tree of Life: Filing Cabinet of the Western Mystery Tradition and Methods to Recall the Information,Hermetic Library web text,,"Samuel Scarborough, ""The Tree of Life: Filing Cabinet of the Western Mystery Tradition and Methods to Recall the Information,"" Journal of the Western Mystery Tradition / Hermetic Library.",https://hermetic.com/jwmt/v1n3/treeoflife,,,Binah,sephirah,"Binah, sephirah 3 on the Tree of Life in a Golden Dawn / 777-style scheme.",Lead,metal,,Binah|בינה,,metal_of,Metal,Binah Correspondences,,0.95,sephiroth,
golden_dawn_777_starter,Golden Dawn / Crowley 777 Starter,"Starter dataset grounded in Golden Dawn style Tree of Life correspondences, Hermetic Library summaries, and a small number of clearly marked editorial rollups for practical planet lookups.",JWMT Tree,The Tree of Life: Filing Cabinet of the Western Mystery Tradition and Methods to Recall the Information,Hermetic Library web text,,"Samuel Scarborough, ""The Tree of Life: Filing Cabinet of the Western Mystery Tradition and Methods to Recall the Information,"" Journal of the Western Mystery Tradition / Hermetic Library.",https://hermetic.com/jwmt/v1n3/treeoflife,,,Binah,sephirah,"Binah, sephirah 3 on the Tree of Life in a Golden Dawn / 777-style scheme.",Pearl,stone,,Binah|בינה,,stone_of,Stone,Binah Correspondences,,0.95,sephiroth,
golden_dawn_777_starter,Golden Dawn / Crowley 777 Starter,"Starter dataset grounded in Golden Dawn style Tree of Life correspondences, Hermetic Library summaries, and a small number of clearly marked editorial rollups for practical planet lookups.",JWMT Tree,The Tree of Life: Filing Cabinet of the Western Mystery Tradition and Methods to Recall the Information,Hermetic Library web text,,"Samuel Scarborough, ""The Tree of Life: Filing Cabinet of the Western Mystery Tradition and Methods to Recall the Information,"" Journal of the Western Mystery Tradition / Hermetic Library.",https://hermetic.com/jwmt/v1n3/treeoflife,,,Binah,sephirah,"Binah, sephirah 3 on the Tree of Life in a Golden Dawn / 777-style scheme.",Cypress,plant,,Binah|בינה,,plant_of,Plant,Binah Correspondences,,0.9,sephiroth,
golden_dawn_777_starter,Golden Dawn / Crowley 777 Starter,"Starter dataset grounded in Golden Dawn style Tree of Life correspondences, Hermetic Library summaries, and a small number of clearly marked editorial rollups for practical planet lookups.",JWMT Tree,The Tree of Life: Filing Cabinet of the Western Mystery Tradition and Methods to Recall the Information,Hermetic Library web text,,"Samuel Scarborough, ""The Tree of Life: Filing Cabinet of the Western Mystery Tradition and Methods to Recall the Information,"" Journal of the Western Mystery Tradition / Hermetic Library.",https://hermetic.com/jwmt/v1n3/treeoflife,,,Binah,sephirah,"Binah, sephirah 3 on the Tree of Life in a Golden Dawn / 777-style scheme.",Triangle,symbol,,Binah|בינה,,symbol_of,Symbol,Binah Correspondences,Geometric symbol in the source page.,0.9,sephiroth,
golden_dawn_777_starter,Golden Dawn / Crowley 777 Starter,"Starter dataset grounded in Golden Dawn style Tree of Life correspondences, Hermetic Library summaries, and a small number of clearly marked editorial rollups for practical planet lookups.",JWMT Tree,The Tree of Life: Filing Cabinet of the Western Mystery Tradition and Methods to Recall the Information,Hermetic Library web text,,"Samuel Scarborough, ""The Tree of Life: Filing Cabinet of the Western Mystery Tradition and Methods to Recall the Information,"" Journal of the Western Mystery Tradition / Hermetic Library.",https://hermetic.com/jwmt/v1n3/treeoflife,,,Binah,sephirah,"Binah, sephirah 3 on the Tree of Life in a Golden Dawn / 777-style scheme.",Queens & Threes,tarot,,Binah|בינה,,tarot_attribution,Tarot,Tarot placement chart,Minor-arcana / court-card placement chart.,0.95,sephiroth,
golden_dawn_777_starter,Golden Dawn / Crowley 777 Starter,"Starter dataset grounded in Golden Dawn style Tree of Life correspondences, Hermetic Library summaries, and a small number of clearly marked editorial rollups for practical planet lookups.",JWMT Tree,The Tree of Life: Filing Cabinet of the Western Mystery Tradition and Methods to Recall the Information,Hermetic Library web text,,"Samuel Scarborough, ""The Tree of Life: Filing Cabinet of the Western Mystery Tradition and Methods to Recall the Information,"" Journal of the Western Mystery Tradition / Hermetic Library.",https://hermetic.com/jwmt/v1n3/treeoflife,,,Binah,sephirah,"Binah, sephirah 3 on the Tree of Life in a Golden Dawn / 777-style scheme.",Rhea,deity,,Binah|בינה,,greek_deity_of,Greek Deity,Pantheon chart,,0.85,pantheons,
golden_dawn_777_starter,Golden Dawn / Crowley 777 Starter,"Starter dataset grounded in Golden Dawn style Tree of Life correspondences, Hermetic Library summaries, and a small number of clearly marked editorial rollups for practical planet lookups.",JWMT Tree,The Tree of Life: Filing Cabinet of the Western Mystery Tradition and Methods to Recall the Information,Hermetic Library web text,,"Samuel Scarborough, ""The Tree of Life: Filing Cabinet of the Western Mystery Tradition and Methods to Recall the Information,"" Journal of the Western Mystery Tradition / Hermetic Library.",https://hermetic.com/jwmt/v1n3/treeoflife,,,Binah,sephirah,"Binah, sephirah 3 on the Tree of Life in a Golden Dawn / 777-style scheme.",Magna Mater,deity,,Binah|בינה,,roman_deity_of,Roman Deity,Pantheon chart,,0.85,pantheons,
golden_dawn_777_starter,Golden Dawn / Crowley 777 Starter,"Starter dataset grounded in Golden Dawn style Tree of Life correspondences, Hermetic Library summaries, and a small number of clearly marked editorial rollups for practical planet lookups.",JWMT Tree,The Tree of Life: Filing Cabinet of the Western Mystery Tradition and Methods to Recall the Information,Hermetic Library web text,,"Samuel Scarborough, ""The Tree of Life: Filing Cabinet of the Western Mystery Tradition and Methods to Recall the Information,"" Journal of the Western Mystery Tradition / Hermetic Library.",https://hermetic.com/jwmt/v1n3/treeoflife,,,Chesed,sephirah,"Chesed, sephirah 4 on the Tree of Life in a Golden Dawn / 777-style scheme.",Mercy,concept,,Chesed|Hesed|Gedulah|חסד|חֶסֶד,,meaning_of,Meaning,Chesed Correspondences,,0.95,sephiroth,
golden_dawn_777_starter,Golden Dawn / Crowley 777 Starter,"Starter dataset grounded in Golden Dawn style Tree of Life correspondences, Hermetic Library summaries, and a small number of clearly marked editorial rollups for practical planet lookups.",JWMT Tree,The Tree of Life: Filing Cabinet of the Western Mystery Tradition and Methods to Recall the Information,Hermetic Library web text,,"Samuel Scarborough, ""The Tree of Life: Filing Cabinet of the Western Mystery Tradition and Methods to Recall the Information,"" Journal of the Western Mystery Tradition / Hermetic Library.",https://hermetic.com/jwmt/v1n3/treeoflife,,,Chesed,sephirah,"Chesed, sephirah 4 on the Tree of Life in a Golden Dawn / 777-style scheme.",4,number,,Chesed|Hesed|Gedulah|חסד|חֶסֶד,,number_of,Number,Chesed Correspondences,,0.95,sephiroth,
golden_dawn_777_starter,Golden Dawn / Crowley 777 Starter,"Starter dataset grounded in Golden Dawn style Tree of Life correspondences, Hermetic Library summaries, and a small number of clearly marked editorial rollups for practical planet lookups.",JWMT Tree,The Tree of Life: Filing Cabinet of the Western Mystery Tradition and Methods to Recall the Information,Hermetic Library web text,,"Samuel Scarborough, ""The Tree of Life: Filing Cabinet of the Western Mystery Tradition and Methods to Recall the Information,"" Journal of the Western Mystery Tradition / Hermetic Library.",https://hermetic.com/jwmt/v1n3/treeoflife,,,Chesed,sephirah,"Chesed, sephirah 4 on the Tree of Life in a Golden Dawn / 777-style scheme.",Blue,color,Golden Dawn Queen Scale color.,Chesed|Hesed|Gedulah|חסד|חֶסֶד,,color_of,Color,Chesed Correspondences,,0.95,sephiroth,
golden_dawn_777_starter,Golden Dawn / Crowley 777 Starter,"Starter dataset grounded in Golden Dawn style Tree of Life correspondences, Hermetic Library summaries, and a small number of clearly marked editorial rollups for practical planet lookups.",JWMT Tree,The Tree of Life: Filing Cabinet of the Western Mystery Tradition and Methods to Recall the Information,Hermetic Library web text,,"Samuel Scarborough, ""The Tree of Life: Filing Cabinet of the Western Mystery Tradition and Methods to Recall the Information,"" Journal of the Western Mystery Tradition / Hermetic Library.",https://hermetic.com/jwmt/v1n3/treeoflife,,,Chesed,sephirah,"Chesed, sephirah 4 on the Tree of Life in a Golden Dawn / 777-style scheme.",El,divine_name,,Chesed|Hesed|Gedulah|חסד|חֶסֶד,,divine_name_of,Divine Name,Chesed Correspondences,,0.95,sephiroth,
golden_dawn_777_starter,Golden Dawn / Crowley 777 Starter,"Starter dataset grounded in Golden Dawn style Tree of Life correspondences, Hermetic Library summaries, and a small number of clearly marked editorial rollups for practical planet lookups.",JWMT Tree,The Tree of Life: Filing Cabinet of the Western Mystery Tradition and Methods to Recall the Information,Hermetic Library web text,,"Samuel Scarborough, ""The Tree of Life: Filing Cabinet of the Western Mystery Tradition and Methods to Recall the Information,"" Journal of the Western Mystery Tradition / Hermetic Library.",https://hermetic.com/jwmt/v1n3/treeoflife,,,Chesed,sephirah,"Chesed, sephirah 4 on the Tree of Life in a Golden Dawn / 777-style scheme.",Tzadqiel,angel,,Chesed|Hesed|Gedulah|חסד|חֶסֶד,,archangel_of,Archangel,Chesed Correspondences,,0.95,sephiroth,
golden_dawn_777_starter,Golden Dawn / Crowley 777 Starter,"Starter dataset grounded in Golden Dawn style Tree of Life correspondences, Hermetic Library summaries, and a small number of clearly marked editorial rollups for practical planet lookups.",JWMT Tree,The Tree of Life: Filing Cabinet of the Western Mystery Tradition and Methods to Recall the Information,Hermetic Library web text,,"Samuel Scarborough, ""The Tree of Life: Filing Cabinet of the Western Mystery Tradition and Methods to Recall the Information,"" Journal of the Western Mystery Tradition / Hermetic Library.",https://hermetic.com/jwmt/v1n3/treeoflife,,,Chesed,sephirah,"Chesed, sephirah 4 on the Tree of Life in a Golden Dawn / 777-style scheme.",Chasmalim,angelic_order,,Chesed|Hesed|Gedulah|חסד|חֶסֶד,,angelic_choir_of,Angelic Choir,Chesed Correspondences,,0.95,sephiroth,
golden_dawn_777_starter,Golden Dawn / Crowley 777 Starter,"Starter dataset grounded in Golden Dawn style Tree of Life correspondences, Hermetic Library summaries, and a small number of clearly marked editorial rollups for practical planet lookups.",JWMT Tree,The Tree of Life: Filing Cabinet of the Western Mystery Tradition and Methods to Recall the Information,Hermetic Library web text,,"Samuel Scarborough, ""The Tree of Life: Filing Cabinet of the Western Mystery Tradition and Methods to Recall the Information,"" Journal of the Western Mystery Tradition / Hermetic Library.",https://hermetic.com/jwmt/v1n3/treeoflife,,,Chesed,sephirah,"Chesed, sephirah 4 on the Tree of Life in a Golden Dawn / 777-style scheme.",The Brilliant Ones,translation,,Chesed|Hesed|Gedulah|חסד|חֶסֶד,,angelic_choir_translation_of,Angelic Choir Translation,Chesed Correspondences,,0.9,sephiroth,
golden_dawn_777_starter,Golden Dawn / Crowley 777 Starter,"Starter dataset grounded in Golden Dawn style Tree of Life correspondences, Hermetic Library summaries, and a small number of clearly marked editorial rollups for practical planet lookups.",JWMT Tree,The Tree of Life: Filing Cabinet of the Western Mystery Tradition and Methods to Recall the Information,Hermetic Library web text,,"Samuel Scarborough, ""The Tree of Life: Filing Cabinet of the Western Mystery Tradition and Methods to Recall the Information,"" Journal of the Western Mystery Tradition / Hermetic Library.",https://hermetic.com/jwmt/v1n3/treeoflife,,,Chesed,sephirah,"Chesed, sephirah 4 on the Tree of Life in a Golden Dawn / 777-style scheme.",Cedar,perfume,,Chesed|Hesed|Gedulah|חסד|חֶסֶד,,perfume_of,Perfume,Chesed Correspondences,Listed as scent in the source page.,0.9,sephiroth,
golden_dawn_777_starter,Golden Dawn / Crowley 777 Starter,"Starter dataset grounded in Golden Dawn style Tree of Life correspondences, Hermetic Library summaries, and a small number of clearly marked editorial rollups for practical planet lookups.",JWMT Tree,The Tree of Life: Filing Cabinet of the Western Mystery Tradition and Methods to Recall the Information,Hermetic Library web text,,"Samuel Scarborough, ""The Tree of Life: Filing Cabinet of the Western Mystery Tradition and Methods to Recall the Information,"" Journal of the Western Mystery Tradition / Hermetic Library.",https://hermetic.com/jwmt/v1n3/treeoflife,,,Chesed,sephirah,"Chesed, sephirah 4 on the Tree of Life in a Golden Dawn / 777-style scheme.",Jupiter,planet,,Chesed|Hesed|Gedulah|חסד|חֶסֶד,,planetary_attribution,Planet,Chesed Correspondences,,0.95,sephiroth,
golden_dawn_777_starter,Golden Dawn / Crowley 777 Starter,"Starter dataset grounded in Golden Dawn style Tree of Life correspondences, Hermetic Library summaries, and a small number of clearly marked editorial rollups for practical planet lookups.",JWMT Tree,The Tree of Life: Filing Cabinet of the Western Mystery Tradition and Methods to Recall the Information,Hermetic Library web text,,"Samuel Scarborough, ""The Tree of Life: Filing Cabinet of the Western Mystery Tradition and Methods to Recall the Information,"" Journal of the Western Mystery Tradition / Hermetic Library.",https://hermetic.com/jwmt/v1n3/treeoflife,,,Chesed,sephirah,"Chesed, sephirah 4 on the Tree of Life in a Golden Dawn / 777-style scheme.",Tin,metal,,Chesed|Hesed|Gedulah|חסד|חֶסֶד,,metal_of,Metal,Chesed Correspondences,,0.95,sephiroth,
golden_dawn_777_starter,Golden Dawn / Crowley 777 Starter,"Starter dataset grounded in Golden Dawn style Tree of Life correspondences, Hermetic Library summaries, and a small number of clearly marked editorial rollups for practical planet lookups.",JWMT Tree,The Tree of Life: Filing Cabinet of the Western Mystery Tradition and Methods to Recall the Information,Hermetic Library web text,,"Samuel Scarborough, ""The Tree of Life: Filing Cabinet of the Western Mystery Tradition and Methods to Recall the Information,"" Journal of the Western Mystery Tradition / Hermetic Library.",https://hermetic.com/jwmt/v1n3/treeoflife,,,Chesed,sephirah,"Chesed, sephirah 4 on the Tree of Life in a Golden Dawn / 777-style scheme.",Sapphire,stone,,Chesed|Hesed|Gedulah|חסד|חֶסֶד,,stone_of,Stone,Chesed Correspondences,,0.95,sephiroth,
golden_dawn_777_starter,Golden Dawn / Crowley 777 Starter,"Starter dataset grounded in Golden Dawn style Tree of Life correspondences, Hermetic Library summaries, and a small number of clearly marked editorial rollups for practical planet lookups.",JWMT Tree,The Tree of Life: Filing Cabinet of the Western Mystery Tradition and Methods to Recall the Information,Hermetic Library web text,,"Samuel Scarborough, ""The Tree of Life: Filing Cabinet of the Western Mystery Tradition and Methods to Recall the Information,"" Journal of the Western Mystery Tradition / Hermetic Library.",https://hermetic.com/jwmt/v1n3/treeoflife,,,Chesed,sephirah,"Chesed, sephirah 4 on the Tree of Life in a Golden Dawn / 777-style scheme.",Rush,plant,,Chesed|Hesed|Gedulah|חסד|חֶסֶד,,plant_of,Plant,Chesed Correspondences,,0.9,sephiroth,
golden_dawn_777_starter,Golden Dawn / Crowley 777 Starter,"Starter dataset grounded in Golden Dawn style Tree of Life correspondences, Hermetic Library summaries, and a small number of clearly marked editorial rollups for practical planet lookups.",JWMT Tree,The Tree of Life: Filing Cabinet of the Western Mystery Tradition and Methods to Recall the Information,Hermetic Library web text,,"Samuel Scarborough, ""The Tree of Life: Filing Cabinet of the Western Mystery Tradition and Methods to Recall the Information,"" Journal of the Western Mystery Tradition / Hermetic Library.",https://hermetic.com/jwmt/v1n3/treeoflife,,,Chesed,sephirah,"Chesed, sephirah 4 on the Tree of Life in a Golden Dawn / 777-style scheme.",Square,symbol,,Chesed|Hesed|Gedulah|חסד|חֶסֶד,,symbol_of,Symbol,Chesed Correspondences,Geometric symbol in the source page.,0.9,sephiroth,
golden_dawn_777_starter,Golden Dawn / Crowley 777 Starter,"Starter dataset grounded in Golden Dawn style Tree of Life correspondences, Hermetic Library summaries, and a small number of clearly marked editorial rollups for practical planet lookups.",JWMT Tree,The Tree of Life: Filing Cabinet of the Western Mystery Tradition and Methods to Recall the Information,Hermetic Library web text,,"Samuel Scarborough, ""The Tree of Life: Filing Cabinet of the Western Mystery Tradition and Methods to Recall the Information,"" Journal of the Western Mystery Tradition / Hermetic Library.",https://hermetic.com/jwmt/v1n3/treeoflife,,,Chesed,sephirah,"Chesed, sephirah 4 on the Tree of Life in a Golden Dawn / 777-style scheme.",Fours,tarot,,Chesed|Hesed|Gedulah|חסד|חֶסֶד,,tarot_attribution,Tarot,Tarot placement chart,Minor-arcana / court-card placement chart.,0.95,sephiroth,
golden_dawn_777_starter,Golden Dawn / Crowley 777 Starter,"Starter dataset grounded in Golden Dawn style Tree of Life correspondences, Hermetic Library summaries, and a small number of clearly marked editorial rollups for practical planet lookups.",JWMT Tree,The Tree of Life: Filing Cabinet of the Western Mystery Tradition and Methods to Recall the Information,Hermetic Library web text,,"Samuel Scarborough, ""The Tree of Life: Filing Cabinet of the Western Mystery Tradition and Methods to Recall the Information,"" Journal of the Western Mystery Tradition / Hermetic Library.",https://hermetic.com/jwmt/v1n3/treeoflife,,,Chesed,sephirah,"Chesed, sephirah 4 on the Tree of Life in a Golden Dawn / 777-style scheme.",Zeus,deity,,Chesed|Hesed|Gedulah|חסד|חֶסֶד,,greek_deity_of,Greek Deity,Pantheon chart,,0.85,pantheons,
golden_dawn_777_starter,Golden Dawn / Crowley 777 Starter,"Starter dataset grounded in Golden Dawn style Tree of Life correspondences, Hermetic Library summaries, and a small number of clearly marked editorial rollups for practical planet lookups.",JWMT Tree,The Tree of Life: Filing Cabinet of the Western Mystery Tradition and Methods to Recall the Information,Hermetic Library web text,,"Samuel Scarborough, ""The Tree of Life: Filing Cabinet of the Western Mystery Tradition and Methods to Recall the Information,"" Journal of the Western Mystery Tradition / Hermetic Library.",https://hermetic.com/jwmt/v1n3/treeoflife,,,Chesed,sephirah,"Chesed, sephirah 4 on the Tree of Life in a Golden Dawn / 777-style scheme.",Jupiter,deity,,Chesed|Hesed|Gedulah|חסד|חֶסֶד,,roman_deity_of,Roman Deity,Pantheon chart,,0.85,pantheons,
golden_dawn_777_starter,Golden Dawn / Crowley 777 Starter,"Starter dataset grounded in Golden Dawn style Tree of Life correspondences, Hermetic Library summaries, and a small number of clearly marked editorial rollups for practical planet lookups.",JWMT Tree,The Tree of Life: Filing Cabinet of the Western Mystery Tradition and Methods to Recall the Information,Hermetic Library web text,,"Samuel Scarborough, ""The Tree of Life: Filing Cabinet of the Western Mystery Tradition and Methods to Recall the Information,"" Journal of the Western Mystery Tradition / Hermetic Library.",https://hermetic.com/jwmt/v1n3/treeoflife,,,Geburah,sephirah,"Geburah, sephirah 5 on the Tree of Life in a Golden Dawn / 777-style scheme.",Severity,concept,,Geburah|Gevurah|Din|Pachad|גבורה,,meaning_of,Meaning,Geburah Correspondences,,0.95,sephiroth,
golden_dawn_777_starter,Golden Dawn / Crowley 777 Starter,"Starter dataset grounded in Golden Dawn style Tree of Life correspondences, Hermetic Library summaries, and a small number of clearly marked editorial rollups for practical planet lookups.",JWMT Tree,The Tree of Life: Filing Cabinet of the Western Mystery Tradition and Methods to Recall the Information,Hermetic Library web text,,"Samuel Scarborough, ""The Tree of Life: Filing Cabinet of the Western Mystery Tradition and Methods to Recall the Information,"" Journal of the Western Mystery Tradition / Hermetic Library.",https://hermetic.com/jwmt/v1n3/treeoflife,,,Geburah,sephirah,"Geburah, sephirah 5 on the Tree of Life in a Golden Dawn / 777-style scheme.",5,number,,Geburah|Gevurah|Din|Pachad|גבורה,,number_of,Number,Geburah Correspondences,,0.95,sephiroth,
golden_dawn_777_starter,Golden Dawn / Crowley 777 Starter,"Starter dataset grounded in Golden Dawn style Tree of Life correspondences, Hermetic Library summaries, and a small number of clearly marked editorial rollups for practical planet lookups.",JWMT Tree,The Tree of Life: Filing Cabinet of the Western Mystery Tradition and Methods to Recall the Information,Hermetic Library web text,,"Samuel Scarborough, ""The Tree of Life: Filing Cabinet of the Western Mystery Tradition and Methods to Recall the Information,"" Journal of the Western Mystery Tradition / Hermetic Library.",https://hermetic.com/jwmt/v1n3/treeoflife,,,Geburah,sephirah,"Geburah, sephirah 5 on the Tree of Life in a Golden Dawn / 777-style scheme.",Scarlet,color,Golden Dawn Queen Scale color.,Geburah|Gevurah|Din|Pachad|גבורה,,color_of,Color,Geburah Correspondences,,0.95,sephiroth,
golden_dawn_777_starter,Golden Dawn / Crowley 777 Starter,"Starter dataset grounded in Golden Dawn style Tree of Life correspondences, Hermetic Library summaries, and a small number of clearly marked editorial rollups for practical planet lookups.",JWMT Tree,The Tree of Life: Filing Cabinet of the Western Mystery Tradition and Methods to Recall the Information,Hermetic Library web text,,"Samuel Scarborough, ""The Tree of Life: Filing Cabinet of the Western Mystery Tradition and Methods to Recall the Information,"" Journal of the Western Mystery Tradition / Hermetic Library.",https://hermetic.com/jwmt/v1n3/treeoflife,,,Geburah,sephirah,"Geburah, sephirah 5 on the Tree of Life in a Golden Dawn / 777-style scheme.",Elohim Gibor,divine_name,,Geburah|Gevurah|Din|Pachad|גבורה,,divine_name_of,Divine Name,Geburah Correspondences,,0.95,sephiroth,
golden_dawn_777_starter,Golden Dawn / Crowley 777 Starter,"Starter dataset grounded in Golden Dawn style Tree of Life correspondences, Hermetic Library summaries, and a small number of clearly marked editorial rollups for practical planet lookups.",JWMT Tree,The Tree of Life: Filing Cabinet of the Western Mystery Tradition and Methods to Recall the Information,Hermetic Library web text,,"Samuel Scarborough, ""The Tree of Life: Filing Cabinet of the Western Mystery Tradition and Methods to Recall the Information,"" Journal of the Western Mystery Tradition / Hermetic Library.",https://hermetic.com/jwmt/v1n3/treeoflife,,,Geburah,sephirah,"Geburah, sephirah 5 on the Tree of Life in a Golden Dawn / 777-style scheme.",Kamael,angel,,Geburah|Gevurah|Din|Pachad|גבורה,,archangel_of,Archangel,Geburah Correspondences,,0.95,sephiroth,
golden_dawn_777_starter,Golden Dawn / Crowley 777 Starter,"Starter dataset grounded in Golden Dawn style Tree of Life correspondences, Hermetic Library summaries, and a small number of clearly marked editorial rollups for practical planet lookups.",JWMT Tree,The Tree of Life: Filing Cabinet of the Western Mystery Tradition and Methods to Recall the Information,Hermetic Library web text,,"Samuel Scarborough, ""The Tree of Life: Filing Cabinet of the Western Mystery Tradition and Methods to Recall the Information,"" Journal of the Western Mystery Tradition / Hermetic Library.",https://hermetic.com/jwmt/v1n3/treeoflife,,,Geburah,sephirah,"Geburah, sephirah 5 on the Tree of Life in a Golden Dawn / 777-style scheme.",Seraphim,angelic_order,,Geburah|Gevurah|Din|Pachad|גבורה,,angelic_choir_of,Angelic Choir,Geburah Correspondences,,0.95,sephiroth,
golden_dawn_777_starter,Golden Dawn / Crowley 777 Starter,"Starter dataset grounded in Golden Dawn style Tree of Life correspondences, Hermetic Library summaries, and a small number of clearly marked editorial rollups for practical planet lookups.",JWMT Tree,The Tree of Life: Filing Cabinet of the Western Mystery Tradition and Methods to Recall the Information,Hermetic Library web text,,"Samuel Scarborough, ""The Tree of Life: Filing Cabinet of the Western Mystery Tradition and Methods to Recall the Information,"" Journal of the Western Mystery Tradition / Hermetic Library.",https://hermetic.com/jwmt/v1n3/treeoflife,,,Geburah,sephirah,"Geburah, sephirah 5 on the Tree of Life in a Golden Dawn / 777-style scheme.",Powers,translation,,Geburah|Gevurah|Din|Pachad|גבורה,,angelic_choir_translation_of,Angelic Choir Translation,Geburah Correspondences,,0.9,sephiroth,
golden_dawn_777_starter,Golden Dawn / Crowley 777 Starter,"Starter dataset grounded in Golden Dawn style Tree of Life correspondences, Hermetic Library summaries, and a small number of clearly marked editorial rollups for practical planet lookups.",JWMT Tree,The Tree of Life: Filing Cabinet of the Western Mystery Tradition and Methods to Recall the Information,Hermetic Library web text,,"Samuel Scarborough, ""The Tree of Life: Filing Cabinet of the Western Mystery Tradition and Methods to Recall the Information,"" Journal of the Western Mystery Tradition / Hermetic Library.",https://hermetic.com/jwmt/v1n3/treeoflife,,,Geburah,sephirah,"Geburah, sephirah 5 on the Tree of Life in a Golden Dawn / 777-style scheme.",Tobacco,perfume,,Geburah|Gevurah|Din|Pachad|גבורה,,perfume_of,Perfume,Geburah Correspondences,Listed as scent in the source page.,0.9,sephiroth,
golden_dawn_777_starter,Golden Dawn / Crowley 777 Starter,"Starter dataset grounded in Golden Dawn style Tree of Life correspondences, Hermetic Library summaries, and a small number of clearly marked editorial rollups for practical planet lookups.",JWMT Tree,The Tree of Life: Filing Cabinet of the Western Mystery Tradition and Methods to Recall the Information,Hermetic Library web text,,"Samuel Scarborough, ""The Tree of Life: Filing Cabinet of the Western Mystery Tradition and Methods to Recall the Information,"" Journal of the Western Mystery Tradition / Hermetic Library.",https://hermetic.com/jwmt/v1n3/treeoflife,,,Geburah,sephirah,"Geburah, sephirah 5 on the Tree of Life in a Golden Dawn / 777-style scheme.",Mars,planet,,Geburah|Gevurah|Din|Pachad|גבורה,,planetary_attribution,Planet,Geburah Correspondences,,0.95,sephiroth,
golden_dawn_777_starter,Golden Dawn / Crowley 777 Starter,"Starter dataset grounded in Golden Dawn style Tree of Life correspondences, Hermetic Library summaries, and a small number of clearly marked editorial rollups for practical planet lookups.",JWMT Tree,The Tree of Life: Filing Cabinet of the Western Mystery Tradition and Methods to Recall the Information,Hermetic Library web text,,"Samuel Scarborough, ""The Tree of Life: Filing Cabinet of the Western Mystery Tradition and Methods to Recall the Information,"" Journal of the Western Mystery Tradition / Hermetic Library.",https://hermetic.com/jwmt/v1n3/treeoflife,,,Geburah,sephirah,"Geburah, sephirah 5 on the Tree of Life in a Golden Dawn / 777-style scheme.",Iron,metal,,Geburah|Gevurah|Din|Pachad|גבורה,,metal_of,Metal,Geburah Correspondences,,0.95,sephiroth,
golden_dawn_777_starter,Golden Dawn / Crowley 777 Starter,"Starter dataset grounded in Golden Dawn style Tree of Life correspondences, Hermetic Library summaries, and a small number of clearly marked editorial rollups for practical planet lookups.",JWMT Tree,The Tree of Life: Filing Cabinet of the Western Mystery Tradition and Methods to Recall the Information,Hermetic Library web text,,"Samuel Scarborough, ""The Tree of Life: Filing Cabinet of the Western Mystery Tradition and Methods to Recall the Information,"" Journal of the Western Mystery Tradition / Hermetic Library.",https://hermetic.com/jwmt/v1n3/treeoflife,,,Geburah,sephirah,"Geburah, sephirah 5 on the Tree of Life in a Golden Dawn / 777-style scheme.",Ruby,stone,,Geburah|Gevurah|Din|Pachad|גבורה,,stone_of,Stone,Geburah Correspondences,,0.95,sephiroth,
golden_dawn_777_starter,Golden Dawn / Crowley 777 Starter,"Starter dataset grounded in Golden Dawn style Tree of Life correspondences, Hermetic Library summaries, and a small number of clearly marked editorial rollups for practical planet lookups.",JWMT Tree,The Tree of Life: Filing Cabinet of the Western Mystery Tradition and Methods to Recall the Information,Hermetic Library web text,,"Samuel Scarborough, ""The Tree of Life: Filing Cabinet of the Western Mystery Tradition and Methods to Recall the Information,"" Journal of the Western Mystery Tradition / Hermetic Library.",https://hermetic.com/jwmt/v1n3/treeoflife,,,Geburah,sephirah,"Geburah, sephirah 5 on the Tree of Life in a Golden Dawn / 777-style scheme.",Cactus,plant,,Geburah|Gevurah|Din|Pachad|גבורה,,plant_of,Plant,Geburah Correspondences,,0.9,sephiroth,
golden_dawn_777_starter,Golden Dawn / Crowley 777 Starter,"Starter dataset grounded in Golden Dawn style Tree of Life correspondences, Hermetic Library summaries, and a small number of clearly marked editorial rollups for practical planet lookups.",JWMT Tree,The Tree of Life: Filing Cabinet of the Western Mystery Tradition and Methods to Recall the Information,Hermetic Library web text,,"Samuel Scarborough, ""The Tree of Life: Filing Cabinet of the Western Mystery Tradition and Methods to Recall the Information,"" Journal of the Western Mystery Tradition / Hermetic Library.",https://hermetic.com/jwmt/v1n3/treeoflife,,,Geburah,sephirah,"Geburah, sephirah 5 on the Tree of Life in a Golden Dawn / 777-style scheme.",Pentagram,symbol,,Geburah|Gevurah|Din|Pachad|גבורה,,symbol_of,Symbol,Geburah Correspondences,Geometric symbol in the source page.,0.9,sephiroth,
golden_dawn_777_starter,Golden Dawn / Crowley 777 Starter,"Starter dataset grounded in Golden Dawn style Tree of Life correspondences, Hermetic Library summaries, and a small number of clearly marked editorial rollups for practical planet lookups.",JWMT Tree,The Tree of Life: Filing Cabinet of the Western Mystery Tradition and Methods to Recall the Information,Hermetic Library web text,,"Samuel Scarborough, ""The Tree of Life: Filing Cabinet of the Western Mystery Tradition and Methods to Recall the Information,"" Journal of the Western Mystery Tradition / Hermetic Library.",https://hermetic.com/jwmt/v1n3/treeoflife,,,Geburah,sephirah,"Geburah, sephirah 5 on the Tree of Life in a Golden Dawn / 777-style scheme.",Fives,tarot,,Geburah|Gevurah|Din|Pachad|גבורה,,tarot_attribution,Tarot,Tarot placement chart,Minor-arcana / court-card placement chart.,0.95,sephiroth,
golden_dawn_777_starter,Golden Dawn / Crowley 777 Starter,"Starter dataset grounded in Golden Dawn style Tree of Life correspondences, Hermetic Library summaries, and a small number of clearly marked editorial rollups for practical planet lookups.",JWMT Tree,The Tree of Life: Filing Cabinet of the Western Mystery Tradition and Methods to Recall the Information,Hermetic Library web text,,"Samuel Scarborough, ""The Tree of Life: Filing Cabinet of the Western Mystery Tradition and Methods to Recall the Information,"" Journal of the Western Mystery Tradition / Hermetic Library.",https://hermetic.com/jwmt/v1n3/treeoflife,,,Geburah,sephirah,"Geburah, sephirah 5 on the Tree of Life in a Golden Dawn / 777-style scheme.",Ares,deity,,Geburah|Gevurah|Din|Pachad|גבורה,,greek_deity_of,Greek Deity,Pantheon chart,,0.85,pantheons,
golden_dawn_777_starter,Golden Dawn / Crowley 777 Starter,"Starter dataset grounded in Golden Dawn style Tree of Life correspondences, Hermetic Library summaries, and a small number of clearly marked editorial rollups for practical planet lookups.",JWMT Tree,The Tree of Life: Filing Cabinet of the Western Mystery Tradition and Methods to Recall the Information,Hermetic Library web text,,"Samuel Scarborough, ""The Tree of Life: Filing Cabinet of the Western Mystery Tradition and Methods to Recall the Information,"" Journal of the Western Mystery Tradition / Hermetic Library.",https://hermetic.com/jwmt/v1n3/treeoflife,,,Geburah,sephirah,"Geburah, sephirah 5 on the Tree of Life in a Golden Dawn / 777-style scheme.",Mars,deity,,Geburah|Gevurah|Din|Pachad|גבורה,,roman_deity_of,Roman Deity,Pantheon chart,,0.85,pantheons,
golden_dawn_777_starter,Golden Dawn / Crowley 777 Starter,"Starter dataset grounded in Golden Dawn style Tree of Life correspondences, Hermetic Library summaries, and a small number of clearly marked editorial rollups for practical planet lookups.",JWMT Tree,The Tree of Life: Filing Cabinet of the Western Mystery Tradition and Methods to Recall the Information,Hermetic Library web text,,"Samuel Scarborough, ""The Tree of Life: Filing Cabinet of the Western Mystery Tradition and Methods to Recall the Information,"" Journal of the Western Mystery Tradition / Hermetic Library.",https://hermetic.com/jwmt/v1n3/treeoflife,,,Tiphareth,sephirah,"Tiphareth, sephirah 6 on the Tree of Life in a Golden Dawn / 777-style scheme.",Beauty,concept,,Tiphereth|Tiphareth|Tiferet|תפארת|תִּפְאֶרֶת,,meaning_of,Meaning,Tiphareth Correspondences,,0.95,sephiroth,
golden_dawn_777_starter,Golden Dawn / Crowley 777 Starter,"Starter dataset grounded in Golden Dawn style Tree of Life correspondences, Hermetic Library summaries, and a small number of clearly marked editorial rollups for practical planet lookups.",JWMT Tree,The Tree of Life: Filing Cabinet of the Western Mystery Tradition and Methods to Recall the Information,Hermetic Library web text,,"Samuel Scarborough, ""The Tree of Life: Filing Cabinet of the Western Mystery Tradition and Methods to Recall the Information,"" Journal of the Western Mystery Tradition / Hermetic Library.",https://hermetic.com/jwmt/v1n3/treeoflife,,,Tiphareth,sephirah,"Tiphareth, sephirah 6 on the Tree of Life in a Golden Dawn / 777-style scheme.",6,number,,Tiphereth|Tiphareth|Tiferet|תפארת|תִּפְאֶרֶת,,number_of,Number,Tiphareth Correspondences,,0.95,sephiroth,
golden_dawn_777_starter,Golden Dawn / Crowley 777 Starter,"Starter dataset grounded in Golden Dawn style Tree of Life correspondences, Hermetic Library summaries, and a small number of clearly marked editorial rollups for practical planet lookups.",JWMT Tree,The Tree of Life: Filing Cabinet of the Western Mystery Tradition and Methods to Recall the Information,Hermetic Library web text,,"Samuel Scarborough, ""The Tree of Life: Filing Cabinet of the Western Mystery Tradition and Methods to Recall the Information,"" Journal of the Western Mystery Tradition / Hermetic Library.",https://hermetic.com/jwmt/v1n3/treeoflife,,,Tiphareth,sephirah,"Tiphareth, sephirah 6 on the Tree of Life in a Golden Dawn / 777-style scheme.",Gold,color,Golden Dawn Queen Scale color.,Tiphereth|Tiphareth|Tiferet|תפארת|תִּפְאֶרֶת,,color_of,Color,Tiphareth Correspondences,,0.95,sephiroth,
golden_dawn_777_starter,Golden Dawn / Crowley 777 Starter,"Starter dataset grounded in Golden Dawn style Tree of Life correspondences, Hermetic Library summaries, and a small number of clearly marked editorial rollups for practical planet lookups.",JWMT Tree,The Tree of Life: Filing Cabinet of the Western Mystery Tradition and Methods to Recall the Information,Hermetic Library web text,,"Samuel Scarborough, ""The Tree of Life: Filing Cabinet of the Western Mystery Tradition and Methods to Recall the Information,"" Journal of the Western Mystery Tradition / Hermetic Library.",https://hermetic.com/jwmt/v1n3/treeoflife,,,Tiphareth,sephirah,"Tiphareth, sephirah 6 on the Tree of Life in a Golden Dawn / 777-style scheme.",YHVH Eloah va-Daath,divine_name,,Tiphereth|Tiphareth|Tiferet|תפארת|תִּפְאֶרֶת,,divine_name_of,Divine Name,Tiphareth Correspondences,,0.95,sephiroth,
golden_dawn_777_starter,Golden Dawn / Crowley 777 Starter,"Starter dataset grounded in Golden Dawn style Tree of Life correspondences, Hermetic Library summaries, and a small number of clearly marked editorial rollups for practical planet lookups.",JWMT Tree,The Tree of Life: Filing Cabinet of the Western Mystery Tradition and Methods to Recall the Information,Hermetic Library web text,,"Samuel Scarborough, ""The Tree of Life: Filing Cabinet of the Western Mystery Tradition and Methods to Recall the Information,"" Journal of the Western Mystery Tradition / Hermetic Library.",https://hermetic.com/jwmt/v1n3/treeoflife,,,Tiphareth,sephirah,"Tiphareth, sephirah 6 on the Tree of Life in a Golden Dawn / 777-style scheme.",Raphael,angel,,Tiphereth|Tiphareth|Tiferet|תפארת|תִּפְאֶרֶת,,archangel_of,Archangel,Tiphareth Correspondences,,0.95,sephiroth,
golden_dawn_777_starter,Golden Dawn / Crowley 777 Starter,"Starter dataset grounded in Golden Dawn style Tree of Life correspondences, Hermetic Library summaries, and a small number of clearly marked editorial rollups for practical planet lookups.",JWMT Tree,The Tree of Life: Filing Cabinet of the Western Mystery Tradition and Methods to Recall the Information,Hermetic Library web text,,"Samuel Scarborough, ""The Tree of Life: Filing Cabinet of the Western Mystery Tradition and Methods to Recall the Information,"" Journal of the Western Mystery Tradition / Hermetic Library.",https://hermetic.com/jwmt/v1n3/treeoflife,,,Tiphareth,sephirah,"Tiphareth, sephirah 6 on the Tree of Life in a Golden Dawn / 777-style scheme.",Melekim,angelic_order,,Tiphereth|Tiphareth|Tiferet|תפארת|תִּפְאֶרֶת,,angelic_choir_of,Angelic Choir,Tiphareth Correspondences,,0.95,sephiroth,
golden_dawn_777_starter,Golden Dawn / Crowley 777 Starter,"Starter dataset grounded in Golden Dawn style Tree of Life correspondences, Hermetic Library summaries, and a small number of clearly marked editorial rollups for practical planet lookups.",JWMT Tree,The Tree of Life: Filing Cabinet of the Western Mystery Tradition and Methods to Recall the Information,Hermetic Library web text,,"Samuel Scarborough, ""The Tree of Life: Filing Cabinet of the Western Mystery Tradition and Methods to Recall the Information,"" Journal of the Western Mystery Tradition / Hermetic Library.",https://hermetic.com/jwmt/v1n3/treeoflife,,,Tiphareth,sephirah,"Tiphareth, sephirah 6 on the Tree of Life in a Golden Dawn / 777-style scheme.",Kings,translation,,Tiphereth|Tiphareth|Tiferet|תפארת|תִּפְאֶרֶת,,angelic_choir_translation_of,Angelic Choir Translation,Tiphareth Correspondences,,0.9,sephiroth,
golden_dawn_777_starter,Golden Dawn / Crowley 777 Starter,"Starter dataset grounded in Golden Dawn style Tree of Life correspondences, Hermetic Library summaries, and a small number of clearly marked editorial rollups for practical planet lookups.",JWMT Tree,The Tree of Life: Filing Cabinet of the Western Mystery Tradition and Methods to Recall the Information,Hermetic Library web text,,"Samuel Scarborough, ""The Tree of Life: Filing Cabinet of the Western Mystery Tradition and Methods to Recall the Information,"" Journal of the Western Mystery Tradition / Hermetic Library.",https://hermetic.com/jwmt/v1n3/treeoflife,,,Tiphareth,sephirah,"Tiphareth, sephirah 6 on the Tree of Life in a Golden Dawn / 777-style scheme.",Frankincense,perfume,,Tiphereth|Tiphareth|Tiferet|תפארת|תִּפְאֶרֶת,,perfume_of,Perfume,Tiphareth Correspondences,Listed as scent in the source page.,0.9,sephiroth,
golden_dawn_777_starter,Golden Dawn / Crowley 777 Starter,"Starter dataset grounded in Golden Dawn style Tree of Life correspondences, Hermetic Library summaries, and a small number of clearly marked editorial rollups for practical planet lookups.",JWMT Tree,The Tree of Life: Filing Cabinet of the Western Mystery Tradition and Methods to Recall the Information,Hermetic Library web text,,"Samuel Scarborough, ""The Tree of Life: Filing Cabinet of the Western Mystery Tradition and Methods to Recall the Information,"" Journal of the Western Mystery Tradition / Hermetic Library.",https://hermetic.com/jwmt/v1n3/treeoflife,,,Tiphareth,sephirah,"Tiphareth, sephirah 6 on the Tree of Life in a Golden Dawn / 777-style scheme.",Sol,planet,,Tiphereth|Tiphareth|Tiferet|תפארת|תִּפְאֶרֶת,,planetary_attribution,Planet,Tiphareth Correspondences,,0.95,sephiroth,
golden_dawn_777_starter,Golden Dawn / Crowley 777 Starter,"Starter dataset grounded in Golden Dawn style Tree of Life correspondences, Hermetic Library summaries, and a small number of clearly marked editorial rollups for practical planet lookups.",JWMT Tree,The Tree of Life: Filing Cabinet of the Western Mystery Tradition and Methods to Recall the Information,Hermetic Library web text,,"Samuel Scarborough, ""The Tree of Life: Filing Cabinet of the Western Mystery Tradition and Methods to Recall the Information,"" Journal of the Western Mystery Tradition / Hermetic Library.",https://hermetic.com/jwmt/v1n3/treeoflife,,,Tiphareth,sephirah,"Tiphareth, sephirah 6 on the Tree of Life in a Golden Dawn / 777-style scheme.",Gold,metal,,Tiphereth|Tiphareth|Tiferet|תפארת|תִּפְאֶרֶת,,metal_of,Metal,Tiphareth Correspondences,,0.95,sephiroth,
golden_dawn_777_starter,Golden Dawn / Crowley 777 Starter,"Starter dataset grounded in Golden Dawn style Tree of Life correspondences, Hermetic Library summaries, and a small number of clearly marked editorial rollups for practical planet lookups.",JWMT Tree,The Tree of Life: Filing Cabinet of the Western Mystery Tradition and Methods to Recall the Information,Hermetic Library web text,,"Samuel Scarborough, ""The Tree of Life: Filing Cabinet of the Western Mystery Tradition and Methods to Recall the Information,"" Journal of the Western Mystery Tradition / Hermetic Library.",https://hermetic.com/jwmt/v1n3/treeoflife,,,Tiphareth,sephirah,"Tiphareth, sephirah 6 on the Tree of Life in a Golden Dawn / 777-style scheme.",Topaz,stone,,Tiphereth|Tiphareth|Tiferet|תפארת|תִּפְאֶרֶת,,stone_of,Stone,Tiphareth Correspondences,,0.95,sephiroth,
golden_dawn_777_starter,Golden Dawn / Crowley 777 Starter,"Starter dataset grounded in Golden Dawn style Tree of Life correspondences, Hermetic Library summaries, and a small number of clearly marked editorial rollups for practical planet lookups.",JWMT Tree,The Tree of Life: Filing Cabinet of the Western Mystery Tradition and Methods to Recall the Information,Hermetic Library web text,,"Samuel Scarborough, ""The Tree of Life: Filing Cabinet of the Western Mystery Tradition and Methods to Recall the Information,"" Journal of the Western Mystery Tradition / Hermetic Library.",https://hermetic.com/jwmt/v1n3/treeoflife,,,Tiphareth,sephirah,"Tiphareth, sephirah 6 on the Tree of Life in a Golden Dawn / 777-style scheme.",Sunflower,plant,,Tiphereth|Tiphareth|Tiferet|תפארת|תִּפְאֶרֶת,,plant_of,Plant,Tiphareth Correspondences,,0.9,sephiroth,
golden_dawn_777_starter,Golden Dawn / Crowley 777 Starter,"Starter dataset grounded in Golden Dawn style Tree of Life correspondences, Hermetic Library summaries, and a small number of clearly marked editorial rollups for practical planet lookups.",JWMT Tree,The Tree of Life: Filing Cabinet of the Western Mystery Tradition and Methods to Recall the Information,Hermetic Library web text,,"Samuel Scarborough, ""The Tree of Life: Filing Cabinet of the Western Mystery Tradition and Methods to Recall the Information,"" Journal of the Western Mystery Tradition / Hermetic Library.",https://hermetic.com/jwmt/v1n3/treeoflife,,,Tiphareth,sephirah,"Tiphareth, sephirah 6 on the Tree of Life in a Golden Dawn / 777-style scheme.",Princes (Knights) & Sixes,tarot,,Tiphereth|Tiphareth|Tiferet|תפארת|תִּפְאֶרֶת,,tarot_attribution,Tarot,Tarot placement chart,Minor-arcana / court-card placement chart.,0.95,sephiroth,
golden_dawn_777_starter,Golden Dawn / Crowley 777 Starter,"Starter dataset grounded in Golden Dawn style Tree of Life correspondences, Hermetic Library summaries, and a small number of clearly marked editorial rollups for practical planet lookups.",JWMT Tree,The Tree of Life: Filing Cabinet of the Western Mystery Tradition and Methods to Recall the Information,Hermetic Library web text,,"Samuel Scarborough, ""The Tree of Life: Filing Cabinet of the Western Mystery Tradition and Methods to Recall the Information,"" Journal of the Western Mystery Tradition / Hermetic Library.",https://hermetic.com/jwmt/v1n3/treeoflife,,,Tiphareth,sephirah,"Tiphareth, sephirah 6 on the Tree of Life in a Golden Dawn / 777-style scheme.",Apollo,deity,,Tiphereth|Tiphareth|Tiferet|תפארת|תִּפְאֶרֶת,,greek_deity_of,Greek Deity,Pantheon chart,,0.85,pantheons,
golden_dawn_777_starter,Golden Dawn / Crowley 777 Starter,"Starter dataset grounded in Golden Dawn style Tree of Life correspondences, Hermetic Library summaries, and a small number of clearly marked editorial rollups for practical planet lookups.",JWMT Tree,The Tree of Life: Filing Cabinet of the Western Mystery Tradition and Methods to Recall the Information,Hermetic Library web text,,"Samuel Scarborough, ""The Tree of Life: Filing Cabinet of the Western Mystery Tradition and Methods to Recall the Information,"" Journal of the Western Mystery Tradition / Hermetic Library.",https://hermetic.com/jwmt/v1n3/treeoflife,,,Tiphareth,sephirah,"Tiphareth, sephirah 6 on the Tree of Life in a Golden Dawn / 777-style scheme.",Helios,deity,,Tiphereth|Tiphareth|Tiferet|תפארת|תִּפְאֶרֶת,,roman_deity_of,Roman Deity,Pantheon chart,,0.85,pantheons,
golden_dawn_777_starter,Golden Dawn / Crowley 777 Starter,"Starter dataset grounded in Golden Dawn style Tree of Life correspondences, Hermetic Library summaries, and a small number of clearly marked editorial rollups for practical planet lookups.",JWMT Tree,The Tree of Life: Filing Cabinet of the Western Mystery Tradition and Methods to Recall the Information,Hermetic Library web text,,"Samuel Scarborough, ""The Tree of Life: Filing Cabinet of the Western Mystery Tradition and Methods to Recall the Information,"" Journal of the Western Mystery Tradition / Hermetic Library.",https://hermetic.com/jwmt/v1n3/treeoflife,,,Netzach,sephirah,"Netzach, sephirah 7 on the Tree of Life in a Golden Dawn / 777-style scheme.",Victory,concept,,Netzach|נצח,,meaning_of,Meaning,Netzach Correspondences,,0.95,sephiroth,
golden_dawn_777_starter,Golden Dawn / Crowley 777 Starter,"Starter dataset grounded in Golden Dawn style Tree of Life correspondences, Hermetic Library summaries, and a small number of clearly marked editorial rollups for practical planet lookups.",JWMT Tree,The Tree of Life: Filing Cabinet of the Western Mystery Tradition and Methods to Recall the Information,Hermetic Library web text,,"Samuel Scarborough, ""The Tree of Life: Filing Cabinet of the Western Mystery Tradition and Methods to Recall the Information,"" Journal of the Western Mystery Tradition / Hermetic Library.",https://hermetic.com/jwmt/v1n3/treeoflife,,,Netzach,sephirah,"Netzach, sephirah 7 on the Tree of Life in a Golden Dawn / 777-style scheme.",7,number,,Netzach|נצח,,number_of,Number,Netzach Correspondences,,0.95,sephiroth,
golden_dawn_777_starter,Golden Dawn / Crowley 777 Starter,"Starter dataset grounded in Golden Dawn style Tree of Life correspondences, Hermetic Library summaries, and a small number of clearly marked editorial rollups for practical planet lookups.",JWMT Tree,The Tree of Life: Filing Cabinet of the Western Mystery Tradition and Methods to Recall the Information,Hermetic Library web text,,"Samuel Scarborough, ""The Tree of Life: Filing Cabinet of the Western Mystery Tradition and Methods to Recall the Information,"" Journal of the Western Mystery Tradition / Hermetic Library.",https://hermetic.com/jwmt/v1n3/treeoflife,,,Netzach,sephirah,"Netzach, sephirah 7 on the Tree of Life in a Golden Dawn / 777-style scheme.",Emerald Green,color,Golden Dawn Queen Scale color.,Netzach|נצח,,color_of,Color,Netzach Correspondences,,0.95,sephiroth,
golden_dawn_777_starter,Golden Dawn / Crowley 777 Starter,"Starter dataset grounded in Golden Dawn style Tree of Life correspondences, Hermetic Library summaries, and a small number of clearly marked editorial rollups for practical planet lookups.",JWMT Tree,The Tree of Life: Filing Cabinet of the Western Mystery Tradition and Methods to Recall the Information,Hermetic Library web text,,"Samuel Scarborough, ""The Tree of Life: Filing Cabinet of the Western Mystery Tradition and Methods to Recall the Information,"" Journal of the Western Mystery Tradition / Hermetic Library.",https://hermetic.com/jwmt/v1n3/treeoflife,,,Netzach,sephirah,"Netzach, sephirah 7 on the Tree of Life in a Golden Dawn / 777-style scheme.",YHVH Tzaboath,divine_name,,Netzach|נצח,,divine_name_of,Divine Name,Netzach Correspondences,,0.95,sephiroth,
golden_dawn_777_starter,Golden Dawn / Crowley 777 Starter,"Starter dataset grounded in Golden Dawn style Tree of Life correspondences, Hermetic Library summaries, and a small number of clearly marked editorial rollups for practical planet lookups.",JWMT Tree,The Tree of Life: Filing Cabinet of the Western Mystery Tradition and Methods to Recall the Information,Hermetic Library web text,,"Samuel Scarborough, ""The Tree of Life: Filing Cabinet of the Western Mystery Tradition and Methods to Recall the Information,"" Journal of the Western Mystery Tradition / Hermetic Library.",https://hermetic.com/jwmt/v1n3/treeoflife,,,Netzach,sephirah,"Netzach, sephirah 7 on the Tree of Life in a Golden Dawn / 777-style scheme.",Haniel,angel,,Netzach|נצח,,archangel_of,Archangel,Netzach Correspondences,,0.95,sephiroth,
golden_dawn_777_starter,Golden Dawn / Crowley 777 Starter,"Starter dataset grounded in Golden Dawn style Tree of Life correspondences, Hermetic Library summaries, and a small number of clearly marked editorial rollups for practical planet lookups.",JWMT Tree,The Tree of Life: Filing Cabinet of the Western Mystery Tradition and Methods to Recall the Information,Hermetic Library web text,,"Samuel Scarborough, ""The Tree of Life: Filing Cabinet of the Western Mystery Tradition and Methods to Recall the Information,"" Journal of the Western Mystery Tradition / Hermetic Library.",https://hermetic.com/jwmt/v1n3/treeoflife,,,Netzach,sephirah,"Netzach, sephirah 7 on the Tree of Life in a Golden Dawn / 777-style scheme.",Elohim,angelic_order,,Netzach|נצח,,angelic_choir_of,Angelic Choir,Netzach Correspondences,,0.95,sephiroth,
golden_dawn_777_starter,Golden Dawn / Crowley 777 Starter,"Starter dataset grounded in Golden Dawn style Tree of Life correspondences, Hermetic Library summaries, and a small number of clearly marked editorial rollups for practical planet lookups.",JWMT Tree,The Tree of Life: Filing Cabinet of the Western Mystery Tradition and Methods to Recall the Information,Hermetic Library web text,,"Samuel Scarborough, ""The Tree of Life: Filing Cabinet of the Western Mystery Tradition and Methods to Recall the Information,"" Journal of the Western Mystery Tradition / Hermetic Library.",https://hermetic.com/jwmt/v1n3/treeoflife,,,Netzach,sephirah,"Netzach, sephirah 7 on the Tree of Life in a Golden Dawn / 777-style scheme.",Gods,translation,,Netzach|נצח,,angelic_choir_translation_of,Angelic Choir Translation,Netzach Correspondences,,0.9,sephiroth,
golden_dawn_777_starter,Golden Dawn / Crowley 777 Starter,"Starter dataset grounded in Golden Dawn style Tree of Life correspondences, Hermetic Library summaries, and a small number of clearly marked editorial rollups for practical planet lookups.",JWMT Tree,The Tree of Life: Filing Cabinet of the Western Mystery Tradition and Methods to Recall the Information,Hermetic Library web text,,"Samuel Scarborough, ""The Tree of Life: Filing Cabinet of the Western Mystery Tradition and Methods to Recall the Information,"" Journal of the Western Mystery Tradition / Hermetic Library.",https://hermetic.com/jwmt/v1n3/treeoflife,,,Netzach,sephirah,"Netzach, sephirah 7 on the Tree of Life in a Golden Dawn / 777-style scheme.",Rose,perfume,,Netzach|נצח,,perfume_of,Perfume,Netzach Correspondences,Listed as scent in the source page.,0.9,sephiroth,
golden_dawn_777_starter,Golden Dawn / Crowley 777 Starter,"Starter dataset grounded in Golden Dawn style Tree of Life correspondences, Hermetic Library summaries, and a small number of clearly marked editorial rollups for practical planet lookups.",JWMT Tree,The Tree of Life: Filing Cabinet of the Western Mystery Tradition and Methods to Recall the Information,Hermetic Library web text,,"Samuel Scarborough, ""The Tree of Life: Filing Cabinet of the Western Mystery Tradition and Methods to Recall the Information,"" Journal of the Western Mystery Tradition / Hermetic Library.",https://hermetic.com/jwmt/v1n3/treeoflife,,,Netzach,sephirah,"Netzach, sephirah 7 on the Tree of Life in a Golden Dawn / 777-style scheme.",Venus,planet,,Netzach|נצח,,planetary_attribution,Planet,Netzach Correspondences,,0.95,sephiroth,
golden_dawn_777_starter,Golden Dawn / Crowley 777 Starter,"Starter dataset grounded in Golden Dawn style Tree of Life correspondences, Hermetic Library summaries, and a small number of clearly marked editorial rollups for practical planet lookups.",JWMT Tree,The Tree of Life: Filing Cabinet of the Western Mystery Tradition and Methods to Recall the Information,Hermetic Library web text,,"Samuel Scarborough, ""The Tree of Life: Filing Cabinet of the Western Mystery Tradition and Methods to Recall the Information,"" Journal of the Western Mystery Tradition / Hermetic Library.",https://hermetic.com/jwmt/v1n3/treeoflife,,,Netzach,sephirah,"Netzach, sephirah 7 on the Tree of Life in a Golden Dawn / 777-style scheme.",Copper,metal,,Netzach|נצח,,metal_of,Metal,Netzach Correspondences,,0.95,sephiroth,
golden_dawn_777_starter,Golden Dawn / Crowley 777 Starter,"Starter dataset grounded in Golden Dawn style Tree of Life correspondences, Hermetic Library summaries, and a small number of clearly marked editorial rollups for practical planet lookups.",JWMT Tree,The Tree of Life: Filing Cabinet of the Western Mystery Tradition and Methods to Recall the Information,Hermetic Library web text,,"Samuel Scarborough, ""The Tree of Life: Filing Cabinet of the Western Mystery Tradition and Methods to Recall the Information,"" Journal of the Western Mystery Tradition / Hermetic Library.",https://hermetic.com/jwmt/v1n3/treeoflife,,,Netzach,sephirah,"Netzach, sephirah 7 on the Tree of Life in a Golden Dawn / 777-style scheme.",Emerald,stone,,Netzach|נצח,,stone_of,Stone,Netzach Correspondences,,0.95,sephiroth,
golden_dawn_777_starter,Golden Dawn / Crowley 777 Starter,"Starter dataset grounded in Golden Dawn style Tree of Life correspondences, Hermetic Library summaries, and a small number of clearly marked editorial rollups for practical planet lookups.",JWMT Tree,The Tree of Life: Filing Cabinet of the Western Mystery Tradition and Methods to Recall the Information,Hermetic Library web text,,"Samuel Scarborough, ""The Tree of Life: Filing Cabinet of the Western Mystery Tradition and Methods to Recall the Information,"" Journal of the Western Mystery Tradition / Hermetic Library.",https://hermetic.com/jwmt/v1n3/treeoflife,,,Netzach,sephirah,"Netzach, sephirah 7 on the Tree of Life in a Golden Dawn / 777-style scheme.",Rose,plant,,Netzach|נצח,,plant_of,Plant,Netzach Correspondences,,0.9,sephiroth,
golden_dawn_777_starter,Golden Dawn / Crowley 777 Starter,"Starter dataset grounded in Golden Dawn style Tree of Life correspondences, Hermetic Library summaries, and a small number of clearly marked editorial rollups for practical planet lookups.",JWMT Tree,The Tree of Life: Filing Cabinet of the Western Mystery Tradition and Methods to Recall the Information,Hermetic Library web text,,"Samuel Scarborough, ""The Tree of Life: Filing Cabinet of the Western Mystery Tradition and Methods to Recall the Information,"" Journal of the Western Mystery Tradition / Hermetic Library.",https://hermetic.com/jwmt/v1n3/treeoflife,,,Netzach,sephirah,"Netzach, sephirah 7 on the Tree of Life in a Golden Dawn / 777-style scheme.",Heptagram,symbol,,Netzach|נצח,,symbol_of,Symbol,Netzach Correspondences,Geometric symbol in the source page.,0.9,sephiroth,
golden_dawn_777_starter,Golden Dawn / Crowley 777 Starter,"Starter dataset grounded in Golden Dawn style Tree of Life correspondences, Hermetic Library summaries, and a small number of clearly marked editorial rollups for practical planet lookups.",JWMT Tree,The Tree of Life: Filing Cabinet of the Western Mystery Tradition and Methods to Recall the Information,Hermetic Library web text,,"Samuel Scarborough, ""The Tree of Life: Filing Cabinet of the Western Mystery Tradition and Methods to Recall the Information,"" Journal of the Western Mystery Tradition / Hermetic Library.",https://hermetic.com/jwmt/v1n3/treeoflife,,,Netzach,sephirah,"Netzach, sephirah 7 on the Tree of Life in a Golden Dawn / 777-style scheme.",Sevens,tarot,,Netzach|נצח,,tarot_attribution,Tarot,Tarot placement chart,Minor-arcana / court-card placement chart.,0.95,sephiroth,
golden_dawn_777_starter,Golden Dawn / Crowley 777 Starter,"Starter dataset grounded in Golden Dawn style Tree of Life correspondences, Hermetic Library summaries, and a small number of clearly marked editorial rollups for practical planet lookups.",JWMT Tree,The Tree of Life: Filing Cabinet of the Western Mystery Tradition and Methods to Recall the Information,Hermetic Library web text,,"Samuel Scarborough, ""The Tree of Life: Filing Cabinet of the Western Mystery Tradition and Methods to Recall the Information,"" Journal of the Western Mystery Tradition / Hermetic Library.",https://hermetic.com/jwmt/v1n3/treeoflife,,,Netzach,sephirah,"Netzach, sephirah 7 on the Tree of Life in a Golden Dawn / 777-style scheme.",Aphrodite,deity,,Netzach|נצח,,greek_deity_of,Greek Deity,Pantheon chart,,0.85,pantheons,
golden_dawn_777_starter,Golden Dawn / Crowley 777 Starter,"Starter dataset grounded in Golden Dawn style Tree of Life correspondences, Hermetic Library summaries, and a small number of clearly marked editorial rollups for practical planet lookups.",JWMT Tree,The Tree of Life: Filing Cabinet of the Western Mystery Tradition and Methods to Recall the Information,Hermetic Library web text,,"Samuel Scarborough, ""The Tree of Life: Filing Cabinet of the Western Mystery Tradition and Methods to Recall the Information,"" Journal of the Western Mystery Tradition / Hermetic Library.",https://hermetic.com/jwmt/v1n3/treeoflife,,,Netzach,sephirah,"Netzach, sephirah 7 on the Tree of Life in a Golden Dawn / 777-style scheme.",Venus,deity,,Netzach|נצח,,roman_deity_of,Roman Deity,Pantheon chart,,0.85,pantheons,
golden_dawn_777_starter,Golden Dawn / Crowley 777 Starter,"Starter dataset grounded in Golden Dawn style Tree of Life correspondences, Hermetic Library summaries, and a small number of clearly marked editorial rollups for practical planet lookups.",JWMT Tree,The Tree of Life: Filing Cabinet of the Western Mystery Tradition and Methods to Recall the Information,Hermetic Library web text,,"Samuel Scarborough, ""The Tree of Life: Filing Cabinet of the Western Mystery Tradition and Methods to Recall the Information,"" Journal of the Western Mystery Tradition / Hermetic Library.",https://hermetic.com/jwmt/v1n3/treeoflife,,,Hod,sephirah,"Hod, sephirah 8 on the Tree of Life in a Golden Dawn / 777-style scheme.",Splendor,concept,,Hod|הוד,,meaning_of,Meaning,Hod Correspondences,,0.95,sephiroth,
golden_dawn_777_starter,Golden Dawn / Crowley 777 Starter,"Starter dataset grounded in Golden Dawn style Tree of Life correspondences, Hermetic Library summaries, and a small number of clearly marked editorial rollups for practical planet lookups.",JWMT Tree,The Tree of Life: Filing Cabinet of the Western Mystery Tradition and Methods to Recall the Information,Hermetic Library web text,,"Samuel Scarborough, ""The Tree of Life: Filing Cabinet of the Western Mystery Tradition and Methods to Recall the Information,"" Journal of the Western Mystery Tradition / Hermetic Library.",https://hermetic.com/jwmt/v1n3/treeoflife,,,Hod,sephirah,"Hod, sephirah 8 on the Tree of Life in a Golden Dawn / 777-style scheme.",8,number,,Hod|הוד,,number_of,Number,Hod Correspondences,,0.95,sephiroth,
golden_dawn_777_starter,Golden Dawn / Crowley 777 Starter,"Starter dataset grounded in Golden Dawn style Tree of Life correspondences, Hermetic Library summaries, and a small number of clearly marked editorial rollups for practical planet lookups.",JWMT Tree,The Tree of Life: Filing Cabinet of the Western Mystery Tradition and Methods to Recall the Information,Hermetic Library web text,,"Samuel Scarborough, ""The Tree of Life: Filing Cabinet of the Western Mystery Tradition and Methods to Recall the Information,"" Journal of the Western Mystery Tradition / Hermetic Library.",https://hermetic.com/jwmt/v1n3/treeoflife,,,Hod,sephirah,"Hod, sephirah 8 on the Tree of Life in a Golden Dawn / 777-style scheme.",Orange,color,Golden Dawn Queen Scale color.,Hod|הוד,,color_of,Color,Hod Correspondences,,0.95,sephiroth,
golden_dawn_777_starter,Golden Dawn / Crowley 777 Starter,"Starter dataset grounded in Golden Dawn style Tree of Life correspondences, Hermetic Library summaries, and a small number of clearly marked editorial rollups for practical planet lookups.",JWMT Tree,The Tree of Life: Filing Cabinet of the Western Mystery Tradition and Methods to Recall the Information,Hermetic Library web text,,"Samuel Scarborough, ""The Tree of Life: Filing Cabinet of the Western Mystery Tradition and Methods to Recall the Information,"" Journal of the Western Mystery Tradition / Hermetic Library.",https://hermetic.com/jwmt/v1n3/treeoflife,,,Hod,sephirah,"Hod, sephirah 8 on the Tree of Life in a Golden Dawn / 777-style scheme.",Elohim Tzabaoth,divine_name,,Hod|הוד,,divine_name_of,Divine Name,Hod Correspondences,,0.95,sephiroth,
golden_dawn_777_starter,Golden Dawn / Crowley 777 Starter,"Starter dataset grounded in Golden Dawn style Tree of Life correspondences, Hermetic Library summaries, and a small number of clearly marked editorial rollups for practical planet lookups.",JWMT Tree,The Tree of Life: Filing Cabinet of the Western Mystery Tradition and Methods to Recall the Information,Hermetic Library web text,,"Samuel Scarborough, ""The Tree of Life: Filing Cabinet of the Western Mystery Tradition and Methods to Recall the Information,"" Journal of the Western Mystery Tradition / Hermetic Library.",https://hermetic.com/jwmt/v1n3/treeoflife,,,Hod,sephirah,"Hod, sephirah 8 on the Tree of Life in a Golden Dawn / 777-style scheme.",Michael,angel,,Hod|הוד,,archangel_of,Archangel,Hod Correspondences,,0.95,sephiroth,
golden_dawn_777_starter,Golden Dawn / Crowley 777 Starter,"Starter dataset grounded in Golden Dawn style Tree of Life correspondences, Hermetic Library summaries, and a small number of clearly marked editorial rollups for practical planet lookups.",JWMT Tree,The Tree of Life: Filing Cabinet of the Western Mystery Tradition and Methods to Recall the Information,Hermetic Library web text,,"Samuel Scarborough, ""The Tree of Life: Filing Cabinet of the Western Mystery Tradition and Methods to Recall the Information,"" Journal of the Western Mystery Tradition / Hermetic Library.",https://hermetic.com/jwmt/v1n3/treeoflife,,,Hod,sephirah,"Hod, sephirah 8 on the Tree of Life in a Golden Dawn / 777-style scheme.",Beni Elohim,angelic_order,,Hod|הוד,,angelic_choir_of,Angelic Choir,Hod Correspondences,,0.95,sephiroth,
golden_dawn_777_starter,Golden Dawn / Crowley 777 Starter,"Starter dataset grounded in Golden Dawn style Tree of Life correspondences, Hermetic Library summaries, and a small number of clearly marked editorial rollups for practical planet lookups.",JWMT Tree,The Tree of Life: Filing Cabinet of the Western Mystery Tradition and Methods to Recall the Information,Hermetic Library web text,,"Samuel Scarborough, ""The Tree of Life: Filing Cabinet of the Western Mystery Tradition and Methods to Recall the Information,"" Journal of the Western Mystery Tradition / Hermetic Library.",https://hermetic.com/jwmt/v1n3/treeoflife,,,Hod,sephirah,"Hod, sephirah 8 on the Tree of Life in a Golden Dawn / 777-style scheme.",Sons of Gods,translation,,Hod|הוד,,angelic_choir_translation_of,Angelic Choir Translation,Hod Correspondences,,0.9,sephiroth,
golden_dawn_777_starter,Golden Dawn / Crowley 777 Starter,"Starter dataset grounded in Golden Dawn style Tree of Life correspondences, Hermetic Library summaries, and a small number of clearly marked editorial rollups for practical planet lookups.",JWMT Tree,The Tree of Life: Filing Cabinet of the Western Mystery Tradition and Methods to Recall the Information,Hermetic Library web text,,"Samuel Scarborough, ""The Tree of Life: Filing Cabinet of the Western Mystery Tradition and Methods to Recall the Information,"" Journal of the Western Mystery Tradition / Hermetic Library.",https://hermetic.com/jwmt/v1n3/treeoflife,,,Hod,sephirah,"Hod, sephirah 8 on the Tree of Life in a Golden Dawn / 777-style scheme.",Storax,perfume,,Hod|הוד,,perfume_of,Perfume,Hod Correspondences,Listed as scent in the source page.,0.9,sephiroth,
golden_dawn_777_starter,Golden Dawn / Crowley 777 Starter,"Starter dataset grounded in Golden Dawn style Tree of Life correspondences, Hermetic Library summaries, and a small number of clearly marked editorial rollups for practical planet lookups.",JWMT Tree,The Tree of Life: Filing Cabinet of the Western Mystery Tradition and Methods to Recall the Information,Hermetic Library web text,,"Samuel Scarborough, ""The Tree of Life: Filing Cabinet of the Western Mystery Tradition and Methods to Recall the Information,"" Journal of the Western Mystery Tradition / Hermetic Library.",https://hermetic.com/jwmt/v1n3/treeoflife,,,Hod,sephirah,"Hod, sephirah 8 on the Tree of Life in a Golden Dawn / 777-style scheme.",Mercury,planet,,Hod|הוד,,planetary_attribution,Planet,Hod Correspondences,,0.95,sephiroth,
golden_dawn_777_starter,Golden Dawn / Crowley 777 Starter,"Starter dataset grounded in Golden Dawn style Tree of Life correspondences, Hermetic Library summaries, and a small number of clearly marked editorial rollups for practical planet lookups.",JWMT Tree,The Tree of Life: Filing Cabinet of the Western Mystery Tradition and Methods to Recall the Information,Hermetic Library web text,,"Samuel Scarborough, ""The Tree of Life: Filing Cabinet of the Western Mystery Tradition and Methods to Recall the Information,"" Journal of the Western Mystery Tradition / Hermetic Library.",https://hermetic.com/jwmt/v1n3/treeoflife,,,Hod,sephirah,"Hod, sephirah 8 on the Tree of Life in a Golden Dawn / 777-style scheme.",Mercury,metal,,Hod|הוד,Quicksilver,metal_of,Metal,Hod Correspondences,,0.95,sephiroth,
golden_dawn_777_starter,Golden Dawn / Crowley 777 Starter,"Starter dataset grounded in Golden Dawn style Tree of Life correspondences, Hermetic Library summaries, and a small number of clearly marked editorial rollups for practical planet lookups.",JWMT Tree,The Tree of Life: Filing Cabinet of the Western Mystery Tradition and Methods to Recall the Information,Hermetic Library web text,,"Samuel Scarborough, ""The Tree of Life: Filing Cabinet of the Western Mystery Tradition and Methods to Recall the Information,"" Journal of the Western Mystery Tradition / Hermetic Library.",https://hermetic.com/jwmt/v1n3/treeoflife,,,Hod,sephirah,"Hod, sephirah 8 on the Tree of Life in a Golden Dawn / 777-style scheme.",Fire Opal,stone,,Hod|הוד,,stone_of,Stone,Hod Correspondences,,0.95,sephiroth,
golden_dawn_777_starter,Golden Dawn / Crowley 777 Starter,"Starter dataset grounded in Golden Dawn style Tree of Life correspondences, Hermetic Library summaries, and a small number of clearly marked editorial rollups for practical planet lookups.",JWMT Tree,The Tree of Life: Filing Cabinet of the Western Mystery Tradition and Methods to Recall the Information,Hermetic Library web text,,"Samuel Scarborough, ""The Tree of Life: Filing Cabinet of the Western Mystery Tradition and Methods to Recall the Information,"" Journal of the Western Mystery Tradition / Hermetic Library.",https://hermetic.com/jwmt/v1n3/treeoflife,,,Hod,sephirah,"Hod, sephirah 8 on the Tree of Life in a Golden Dawn / 777-style scheme.",Orchid,plant,,Hod|הוד,,plant_of,Plant,Hod Correspondences,,0.9,sephiroth,
golden_dawn_777_starter,Golden Dawn / Crowley 777 Starter,"Starter dataset grounded in Golden Dawn style Tree of Life correspondences, Hermetic Library summaries, and a small number of clearly marked editorial rollups for practical planet lookups.",JWMT Tree,The Tree of Life: Filing Cabinet of the Western Mystery Tradition and Methods to Recall the Information,Hermetic Library web text,,"Samuel Scarborough, ""The Tree of Life: Filing Cabinet of the Western Mystery Tradition and Methods to Recall the Information,"" Journal of the Western Mystery Tradition / Hermetic Library.",https://hermetic.com/jwmt/v1n3/treeoflife,,,Hod,sephirah,"Hod, sephirah 8 on the Tree of Life in a Golden Dawn / 777-style scheme.",Octogram,symbol,,Hod|הוד,,symbol_of,Symbol,Hod Correspondences,Geometric symbol in the source page.,0.9,sephiroth,
golden_dawn_777_starter,Golden Dawn / Crowley 777 Starter,"Starter dataset grounded in Golden Dawn style Tree of Life correspondences, Hermetic Library summaries, and a small number of clearly marked editorial rollups for practical planet lookups.",JWMT Tree,The Tree of Life: Filing Cabinet of the Western Mystery Tradition and Methods to Recall the Information,Hermetic Library web text,,"Samuel Scarborough, ""The Tree of Life: Filing Cabinet of the Western Mystery Tradition and Methods to Recall the Information,"" Journal of the Western Mystery Tradition / Hermetic Library.",https://hermetic.com/jwmt/v1n3/treeoflife,,,Hod,sephirah,"Hod, sephirah 8 on the Tree of Life in a Golden Dawn / 777-style scheme.",Eights,tarot,,Hod|הוד,,tarot_attribution,Tarot,Tarot placement chart,Minor-arcana / court-card placement chart.,0.95,sephiroth,
golden_dawn_777_starter,Golden Dawn / Crowley 777 Starter,"Starter dataset grounded in Golden Dawn style Tree of Life correspondences, Hermetic Library summaries, and a small number of clearly marked editorial rollups for practical planet lookups.",JWMT Tree,The Tree of Life: Filing Cabinet of the Western Mystery Tradition and Methods to Recall the Information,Hermetic Library web text,,"Samuel Scarborough, ""The Tree of Life: Filing Cabinet of the Western Mystery Tradition and Methods to Recall the Information,"" Journal of the Western Mystery Tradition / Hermetic Library.",https://hermetic.com/jwmt/v1n3/treeoflife,,,Hod,sephirah,"Hod, sephirah 8 on the Tree of Life in a Golden Dawn / 777-style scheme.",Hermes,deity,,Hod|הוד,,greek_deity_of,Greek Deity,Pantheon chart,,0.85,pantheons,
golden_dawn_777_starter,Golden Dawn / Crowley 777 Starter,"Starter dataset grounded in Golden Dawn style Tree of Life correspondences, Hermetic Library summaries, and a small number of clearly marked editorial rollups for practical planet lookups.",JWMT Tree,The Tree of Life: Filing Cabinet of the Western Mystery Tradition and Methods to Recall the Information,Hermetic Library web text,,"Samuel Scarborough, ""The Tree of Life: Filing Cabinet of the Western Mystery Tradition and Methods to Recall the Information,"" Journal of the Western Mystery Tradition / Hermetic Library.",https://hermetic.com/jwmt/v1n3/treeoflife,,,Hod,sephirah,"Hod, sephirah 8 on the Tree of Life in a Golden Dawn / 777-style scheme.",Mercury,deity,,Hod|הוד,,roman_deity_of,Roman Deity,Pantheon chart,,0.85,pantheons,
golden_dawn_777_starter,Golden Dawn / Crowley 777 Starter,"Starter dataset grounded in Golden Dawn style Tree of Life correspondences, Hermetic Library summaries, and a small number of clearly marked editorial rollups for practical planet lookups.",JWMT Tree,The Tree of Life: Filing Cabinet of the Western Mystery Tradition and Methods to Recall the Information,Hermetic Library web text,,"Samuel Scarborough, ""The Tree of Life: Filing Cabinet of the Western Mystery Tradition and Methods to Recall the Information,"" Journal of the Western Mystery Tradition / Hermetic Library.",https://hermetic.com/jwmt/v1n3/treeoflife,,,Yesod,sephirah,"Yesod, sephirah 9 on the Tree of Life in a Golden Dawn / 777-style scheme.",Foundation,concept,,Yesod|יסוד,,meaning_of,Meaning,Yesod Correspondences,,0.95,sephiroth,
golden_dawn_777_starter,Golden Dawn / Crowley 777 Starter,"Starter dataset grounded in Golden Dawn style Tree of Life correspondences, Hermetic Library summaries, and a small number of clearly marked editorial rollups for practical planet lookups.",JWMT Tree,The Tree of Life: Filing Cabinet of the Western Mystery Tradition and Methods to Recall the Information,Hermetic Library web text,,"Samuel Scarborough, ""The Tree of Life: Filing Cabinet of the Western Mystery Tradition and Methods to Recall the Information,"" Journal of the Western Mystery Tradition / Hermetic Library.",https://hermetic.com/jwmt/v1n3/treeoflife,,,Yesod,sephirah,"Yesod, sephirah 9 on the Tree of Life in a Golden Dawn / 777-style scheme.",9,number,,Yesod|יסוד,,number_of,Number,Yesod Correspondences,,0.95,sephiroth,
golden_dawn_777_starter,Golden Dawn / Crowley 777 Starter,"Starter dataset grounded in Golden Dawn style Tree of Life correspondences, Hermetic Library summaries, and a small number of clearly marked editorial rollups for practical planet lookups.",JWMT Tree,The Tree of Life: Filing Cabinet of the Western Mystery Tradition and Methods to Recall the Information,Hermetic Library web text,,"Samuel Scarborough, ""The Tree of Life: Filing Cabinet of the Western Mystery Tradition and Methods to Recall the Information,"" Journal of the Western Mystery Tradition / Hermetic Library.",https://hermetic.com/jwmt/v1n3/treeoflife,,,Yesod,sephirah,"Yesod, sephirah 9 on the Tree of Life in a Golden Dawn / 777-style scheme.",Violet,color,Golden Dawn Queen Scale color.,Yesod|יסוד,,color_of,Color,Yesod Correspondences,,0.95,sephiroth,
golden_dawn_777_starter,Golden Dawn / Crowley 777 Starter,"Starter dataset grounded in Golden Dawn style Tree of Life correspondences, Hermetic Library summaries, and a small number of clearly marked editorial rollups for practical planet lookups.",JWMT Tree,The Tree of Life: Filing Cabinet of the Western Mystery Tradition and Methods to Recall the Information,Hermetic Library web text,,"Samuel Scarborough, ""The Tree of Life: Filing Cabinet of the Western Mystery Tradition and Methods to Recall the Information,"" Journal of the Western Mystery Tradition / Hermetic Library.",https://hermetic.com/jwmt/v1n3/treeoflife,,,Yesod,sephirah,"Yesod, sephirah 9 on the Tree of Life in a Golden Dawn / 777-style scheme.",Shaddai El Chai,divine_name,,Yesod|יסוד,,divine_name_of,Divine Name,Yesod Correspondences,,0.95,sephiroth,
golden_dawn_777_starter,Golden Dawn / Crowley 777 Starter,"Starter dataset grounded in Golden Dawn style Tree of Life correspondences, Hermetic Library summaries, and a small number of clearly marked editorial rollups for practical planet lookups.",JWMT Tree,The Tree of Life: Filing Cabinet of the Western Mystery Tradition and Methods to Recall the Information,Hermetic Library web text,,"Samuel Scarborough, ""The Tree of Life: Filing Cabinet of the Western Mystery Tradition and Methods to Recall the Information,"" Journal of the Western Mystery Tradition / Hermetic Library.",https://hermetic.com/jwmt/v1n3/treeoflife,,,Yesod,sephirah,"Yesod, sephirah 9 on the Tree of Life in a Golden Dawn / 777-style scheme.",Gabriel,angel,,Yesod|יסוד,,archangel_of,Archangel,Yesod Correspondences,,0.95,sephiroth,
golden_dawn_777_starter,Golden Dawn / Crowley 777 Starter,"Starter dataset grounded in Golden Dawn style Tree of Life correspondences, Hermetic Library summaries, and a small number of clearly marked editorial rollups for practical planet lookups.",JWMT Tree,The Tree of Life: Filing Cabinet of the Western Mystery Tradition and Methods to Recall the Information,Hermetic Library web text,,"Samuel Scarborough, ""The Tree of Life: Filing Cabinet of the Western Mystery Tradition and Methods to Recall the Information,"" Journal of the Western Mystery Tradition / Hermetic Library.",https://hermetic.com/jwmt/v1n3/treeoflife,,,Yesod,sephirah,"Yesod, sephirah 9 on the Tree of Life in a Golden Dawn / 777-style scheme.",Kerubim,angelic_order,,Yesod|יסוד,,angelic_choir_of,Angelic Choir,Yesod Correspondences,,0.95,sephiroth,
golden_dawn_777_starter,Golden Dawn / Crowley 777 Starter,"Starter dataset grounded in Golden Dawn style Tree of Life correspondences, Hermetic Library summaries, and a small number of clearly marked editorial rollups for practical planet lookups.",JWMT Tree,The Tree of Life: Filing Cabinet of the Western Mystery Tradition and Methods to Recall the Information,Hermetic Library web text,,"Samuel Scarborough, ""The Tree of Life: Filing Cabinet of the Western Mystery Tradition and Methods to Recall the Information,"" Journal of the Western Mystery Tradition / Hermetic Library.",https://hermetic.com/jwmt/v1n3/treeoflife,,,Yesod,sephirah,"Yesod, sephirah 9 on the Tree of Life in a Golden Dawn / 777-style scheme.",Angels,translation,,Yesod|יסוד,,angelic_choir_translation_of,Angelic Choir Translation,Yesod Correspondences,,0.9,sephiroth,
golden_dawn_777_starter,Golden Dawn / Crowley 777 Starter,"Starter dataset grounded in Golden Dawn style Tree of Life correspondences, Hermetic Library summaries, and a small number of clearly marked editorial rollups for practical planet lookups.",JWMT Tree,The Tree of Life: Filing Cabinet of the Western Mystery Tradition and Methods to Recall the Information,Hermetic Library web text,,"Samuel Scarborough, ""The Tree of Life: Filing Cabinet of the Western Mystery Tradition and Methods to Recall the Information,"" Journal of the Western Mystery Tradition / Hermetic Library.",https://hermetic.com/jwmt/v1n3/treeoflife,,,Yesod,sephirah,"Yesod, sephirah 9 on the Tree of Life in a Golden Dawn / 777-style scheme.",Jasmine,perfume,,Yesod|יסוד,,perfume_of,Perfume,Yesod Correspondences,Listed as scent in the source page.,0.9,sephiroth,
golden_dawn_777_starter,Golden Dawn / Crowley 777 Starter,"Starter dataset grounded in Golden Dawn style Tree of Life correspondences, Hermetic Library summaries, and a small number of clearly marked editorial rollups for practical planet lookups.",Yesod Moon,Yesod (יסוד) - Foundation,Kaabalah Archetypes web page,,"""Yesod (יסוד) - Foundation,"" Kaabalah Archetypes.",https://archetypes.kaabalah.com/sphere/yesod,,,Yesod,sephirah,"Yesod, sephirah 9 on the Tree of Life in a Golden Dawn / 777-style scheme.",Moon,planet,,Yesod|יסוד,,planetary_attribution,Planet,Overview / Correspondences,,0.95,sephiroth,
golden_dawn_777_starter,Golden Dawn / Crowley 777 Starter,"Starter dataset grounded in Golden Dawn style Tree of Life correspondences, Hermetic Library summaries, and a small number of clearly marked editorial rollups for practical planet lookups.",JWMT Tree,The Tree of Life: Filing Cabinet of the Western Mystery Tradition and Methods to Recall the Information,Hermetic Library web text,,"Samuel Scarborough, ""The Tree of Life: Filing Cabinet of the Western Mystery Tradition and Methods to Recall the Information,"" Journal of the Western Mystery Tradition / Hermetic Library.",https://hermetic.com/jwmt/v1n3/treeoflife,,,Yesod,sephirah,"Yesod, sephirah 9 on the Tree of Life in a Golden Dawn / 777-style scheme.",Silver,metal,,Yesod|יסוד,,metal_of,Metal,Yesod Correspondences,,0.95,sephiroth,
golden_dawn_777_starter,Golden Dawn / Crowley 777 Starter,"Starter dataset grounded in Golden Dawn style Tree of Life correspondences, Hermetic Library summaries, and a small number of clearly marked editorial rollups for practical planet lookups.",JWMT Tree,The Tree of Life: Filing Cabinet of the Western Mystery Tradition and Methods to Recall the Information,Hermetic Library web text,,"Samuel Scarborough, ""The Tree of Life: Filing Cabinet of the Western Mystery Tradition and Methods to Recall the Information,"" Journal of the Western Mystery Tradition / Hermetic Library.",https://hermetic.com/jwmt/v1n3/treeoflife,,,Yesod,sephirah,"Yesod, sephirah 9 on the Tree of Life in a Golden Dawn / 777-style scheme.",Quartz,stone,,Yesod|יסוד,,stone_of,Stone,Yesod Correspondences,,0.95,sephiroth,
golden_dawn_777_starter,Golden Dawn / Crowley 777 Starter,"Starter dataset grounded in Golden Dawn style Tree of Life correspondences, Hermetic Library summaries, and a small number of clearly marked editorial rollups for practical planet lookups.",JWMT Tree,The Tree of Life: Filing Cabinet of the Western Mystery Tradition and Methods to Recall the Information,Hermetic Library web text,,"Samuel Scarborough, ""The Tree of Life: Filing Cabinet of the Western Mystery Tradition and Methods to Recall the Information,"" Journal of the Western Mystery Tradition / Hermetic Library.",https://hermetic.com/jwmt/v1n3/treeoflife,,,Yesod,sephirah,"Yesod, sephirah 9 on the Tree of Life in a Golden Dawn / 777-style scheme.",Comfrey,plant,,Yesod|יסוד,,plant_of,Plant,Yesod Correspondences,,0.9,sephiroth,
golden_dawn_777_starter,Golden Dawn / Crowley 777 Starter,"Starter dataset grounded in Golden Dawn style Tree of Life correspondences, Hermetic Library summaries, and a small number of clearly marked editorial rollups for practical planet lookups.",JWMT Tree,The Tree of Life: Filing Cabinet of the Western Mystery Tradition and Methods to Recall the Information,Hermetic Library web text,,"Samuel Scarborough, ""The Tree of Life: Filing Cabinet of the Western Mystery Tradition and Methods to Recall the Information,"" Journal of the Western Mystery Tradition / Hermetic Library.",https://hermetic.com/jwmt/v1n3/treeoflife,,,Yesod,sephirah,"Yesod, sephirah 9 on the Tree of Life in a Golden Dawn / 777-style scheme.",Enneagram,symbol,,Yesod|יסוד,,symbol_of,Symbol,Yesod Correspondences,Geometric symbol in the source page.,0.9,sephiroth,
golden_dawn_777_starter,Golden Dawn / Crowley 777 Starter,"Starter dataset grounded in Golden Dawn style Tree of Life correspondences, Hermetic Library summaries, and a small number of clearly marked editorial rollups for practical planet lookups.",JWMT Tree,The Tree of Life: Filing Cabinet of the Western Mystery Tradition and Methods to Recall the Information,Hermetic Library web text,,"Samuel Scarborough, ""The Tree of Life: Filing Cabinet of the Western Mystery Tradition and Methods to Recall the Information,"" Journal of the Western Mystery Tradition / Hermetic Library.",https://hermetic.com/jwmt/v1n3/treeoflife,,,Yesod,sephirah,"Yesod, sephirah 9 on the Tree of Life in a Golden Dawn / 777-style scheme.",Nines,tarot,,Yesod|יסוד,,tarot_attribution,Tarot,Tarot placement chart,Minor-arcana / court-card placement chart.,0.95,sephiroth,
golden_dawn_777_starter,Golden Dawn / Crowley 777 Starter,"Starter dataset grounded in Golden Dawn style Tree of Life correspondences, Hermetic Library summaries, and a small number of clearly marked editorial rollups for practical planet lookups.",JWMT Tree,The Tree of Life: Filing Cabinet of the Western Mystery Tradition and Methods to Recall the Information,Hermetic Library web text,,"Samuel Scarborough, ""The Tree of Life: Filing Cabinet of the Western Mystery Tradition and Methods to Recall the Information,"" Journal of the Western Mystery Tradition / Hermetic Library.",https://hermetic.com/jwmt/v1n3/treeoflife,,,Yesod,sephirah,"Yesod, sephirah 9 on the Tree of Life in a Golden Dawn / 777-style scheme.",Artemis,deity,,Yesod|יסוד,,greek_deity_of,Greek Deity,Pantheon chart,,0.85,pantheons,
golden_dawn_777_starter,Golden Dawn / Crowley 777 Starter,"Starter dataset grounded in Golden Dawn style Tree of Life correspondences, Hermetic Library summaries, and a small number of clearly marked editorial rollups for practical planet lookups.",JWMT Tree,The Tree of Life: Filing Cabinet of the Western Mystery Tradition and Methods to Recall the Information,Hermetic Library web text,,"Samuel Scarborough, ""The Tree of Life: Filing Cabinet of the Western Mystery Tradition and Methods to Recall the Information,"" Journal of the Western Mystery Tradition / Hermetic Library.",https://hermetic.com/jwmt/v1n3/treeoflife,,,Yesod,sephirah,"Yesod, sephirah 9 on the Tree of Life in a Golden Dawn / 777-style scheme.",Diana,deity,,Yesod|יסוד,,roman_deity_of,Roman Deity,Pantheon chart,,0.85,pantheons,
golden_dawn_777_starter,Golden Dawn / Crowley 777 Starter,"Starter dataset grounded in Golden Dawn style Tree of Life correspondences, Hermetic Library summaries, and a small number of clearly marked editorial rollups for practical planet lookups.",JWMT Tree,The Tree of Life: Filing Cabinet of the Western Mystery Tradition and Methods to Recall the Information,Hermetic Library web text,,"Samuel Scarborough, ""The Tree of Life: Filing Cabinet of the Western Mystery Tradition and Methods to Recall the Information,"" Journal of the Western Mystery Tradition / Hermetic Library.",https://hermetic.com/jwmt/v1n3/treeoflife,,,Malkuth,sephirah,"Malkuth, sephirah 10 on the Tree of Life in a Golden Dawn / 777-style scheme.",Kingdom,concept,,Malkuth|Malkhut|מלכות,,meaning_of,Meaning,Malkuth Correspondences,,0.95,sephiroth,
golden_dawn_777_starter,Golden Dawn / Crowley 777 Starter,"Starter dataset grounded in Golden Dawn style Tree of Life correspondences, Hermetic Library summaries, and a small number of clearly marked editorial rollups for practical planet lookups.",JWMT Tree,The Tree of Life: Filing Cabinet of the Western Mystery Tradition and Methods to Recall the Information,Hermetic Library web text,,"Samuel Scarborough, ""The Tree of Life: Filing Cabinet of the Western Mystery Tradition and Methods to Recall the Information,"" Journal of the Western Mystery Tradition / Hermetic Library.",https://hermetic.com/jwmt/v1n3/treeoflife,,,Malkuth,sephirah,"Malkuth, sephirah 10 on the Tree of Life in a Golden Dawn / 777-style scheme.",10,number,,Malkuth|Malkhut|מלכות,,number_of,Number,Malkuth Correspondences,,0.95,sephiroth,
golden_dawn_777_starter,Golden Dawn / Crowley 777 Starter,"Starter dataset grounded in Golden Dawn style Tree of Life correspondences, Hermetic Library summaries, and a small number of clearly marked editorial rollups for practical planet lookups.",JWMT Tree,The Tree of Life: Filing Cabinet of the Western Mystery Tradition and Methods to Recall the Information,Hermetic Library web text,,"Samuel Scarborough, ""The Tree of Life: Filing Cabinet of the Western Mystery Tradition and Methods to Recall the Information,"" Journal of the Western Mystery Tradition / Hermetic Library.",https://hermetic.com/jwmt/v1n3/treeoflife,,,Malkuth,sephirah,"Malkuth, sephirah 10 on the Tree of Life in a Golden Dawn / 777-style scheme.",Citrine/Olive/Black/Russet,color,Golden Dawn Queen Scale color.,Malkuth|Malkhut|מלכות,,color_of,Color,Malkuth Correspondences,,0.95,sephiroth,
golden_dawn_777_starter,Golden Dawn / Crowley 777 Starter,"Starter dataset grounded in Golden Dawn style Tree of Life correspondences, Hermetic Library summaries, and a small number of clearly marked editorial rollups for practical planet lookups.",JWMT Tree,The Tree of Life: Filing Cabinet of the Western Mystery Tradition and Methods to Recall the Information,Hermetic Library web text,,"Samuel Scarborough, ""The Tree of Life: Filing Cabinet of the Western Mystery Tradition and Methods to Recall the Information,"" Journal of the Western Mystery Tradition / Hermetic Library.",https://hermetic.com/jwmt/v1n3/treeoflife,,,Malkuth,sephirah,"Malkuth, sephirah 10 on the Tree of Life in a Golden Dawn / 777-style scheme.",Adonai ha-Aretz,divine_name,,Malkuth|Malkhut|מלכות,,divine_name_of,Divine Name,Malkuth Correspondences,,0.95,sephiroth,
golden_dawn_777_starter,Golden Dawn / Crowley 777 Starter,"Starter dataset grounded in Golden Dawn style Tree of Life correspondences, Hermetic Library summaries, and a small number of clearly marked editorial rollups for practical planet lookups.",JWMT Tree,The Tree of Life: Filing Cabinet of the Western Mystery Tradition and Methods to Recall the Information,Hermetic Library web text,,"Samuel Scarborough, ""The Tree of Life: Filing Cabinet of the Western Mystery Tradition and Methods to Recall the Information,"" Journal of the Western Mystery Tradition / Hermetic Library.",https://hermetic.com/jwmt/v1n3/treeoflife,,,Malkuth,sephirah,"Malkuth, sephirah 10 on the Tree of Life in a Golden Dawn / 777-style scheme.",Sandalphon,angel,,Malkuth|Malkhut|מלכות,,archangel_of,Archangel,Malkuth Correspondences,,0.95,sephiroth,
golden_dawn_777_starter,Golden Dawn / Crowley 777 Starter,"Starter dataset grounded in Golden Dawn style Tree of Life correspondences, Hermetic Library summaries, and a small number of clearly marked editorial rollups for practical planet lookups.",JWMT Tree,The Tree of Life: Filing Cabinet of the Western Mystery Tradition and Methods to Recall the Information,Hermetic Library web text,,"Samuel Scarborough, ""The Tree of Life: Filing Cabinet of the Western Mystery Tradition and Methods to Recall the Information,"" Journal of the Western Mystery Tradition / Hermetic Library.",https://hermetic.com/jwmt/v1n3/treeoflife,,,Malkuth,sephirah,"Malkuth, sephirah 10 on the Tree of Life in a Golden Dawn / 777-style scheme.",Eshim,angelic_order,,Malkuth|Malkhut|מלכות,,angelic_choir_of,Angelic Choir,Malkuth Correspondences,,0.95,sephiroth,
golden_dawn_777_starter,Golden Dawn / Crowley 777 Starter,"Starter dataset grounded in Golden Dawn style Tree of Life correspondences, Hermetic Library summaries, and a small number of clearly marked editorial rollups for practical planet lookups.",JWMT Tree,The Tree of Life: Filing Cabinet of the Western Mystery Tradition and Methods to Recall the Information,Hermetic Library web text,,"Samuel Scarborough, ""The Tree of Life: Filing Cabinet of the Western Mystery Tradition and Methods to Recall the Information,"" Journal of the Western Mystery Tradition / Hermetic Library.",https://hermetic.com/jwmt/v1n3/treeoflife,,,Malkuth,sephirah,"Malkuth, sephirah 10 on the Tree of Life in a Golden Dawn / 777-style scheme.",Flames,translation,,Malkuth|Malkhut|מלכות,,angelic_choir_translation_of,Angelic Choir Translation,Malkuth Correspondences,,0.9,sephiroth,
golden_dawn_777_starter,Golden Dawn / Crowley 777 Starter,"Starter dataset grounded in Golden Dawn style Tree of Life correspondences, Hermetic Library summaries, and a small number of clearly marked editorial rollups for practical planet lookups.",JWMT Tree,The Tree of Life: Filing Cabinet of the Western Mystery Tradition and Methods to Recall the Information,Hermetic Library web text,,"Samuel Scarborough, ""The Tree of Life: Filing Cabinet of the Western Mystery Tradition and Methods to Recall the Information,"" Journal of the Western Mystery Tradition / Hermetic Library.",https://hermetic.com/jwmt/v1n3/treeoflife,,,Malkuth,sephirah,"Malkuth, sephirah 10 on the Tree of Life in a Golden Dawn / 777-style scheme.",Dittany of Crete,perfume,,Malkuth|Malkhut|מלכות,,perfume_of,Perfume,Malkuth Correspondences,Listed as scent in the source page.,0.9,sephiroth,
golden_dawn_777_starter,Golden Dawn / Crowley 777 Starter,"Starter dataset grounded in Golden Dawn style Tree of Life correspondences, Hermetic Library summaries, and a small number of clearly marked editorial rollups for practical planet lookups.",JWMT Tree,The Tree of Life: Filing Cabinet of the Western Mystery Tradition and Methods to Recall the Information,Hermetic Library web text,,"Samuel Scarborough, ""The Tree of Life: Filing Cabinet of the Western Mystery Tradition and Methods to Recall the Information,"" Journal of the Western Mystery Tradition / Hermetic Library.",https://hermetic.com/jwmt/v1n3/treeoflife,,,Malkuth,sephirah,"Malkuth, sephirah 10 on the Tree of Life in a Golden Dawn / 777-style scheme.",Four Elements,elemental_group,,Malkuth|Malkhut|מלכות,,planetary_attribution,Attribution,Malkuth Correspondences,,0.9,sephiroth,
golden_dawn_777_starter,Golden Dawn / Crowley 777 Starter,"Starter dataset grounded in Golden Dawn style Tree of Life correspondences, Hermetic Library summaries, and a small number of clearly marked editorial rollups for practical planet lookups.",JWMT Tree,The Tree of Life: Filing Cabinet of the Western Mystery Tradition and Methods to Recall the Information,Hermetic Library web text,,"Samuel Scarborough, ""The Tree of Life: Filing Cabinet of the Western Mystery Tradition and Methods to Recall the Information,"" Journal of the Western Mystery Tradition / Hermetic Library.",https://hermetic.com/jwmt/v1n3/treeoflife,,,Malkuth,sephirah,"Malkuth, sephirah 10 on the Tree of Life in a Golden Dawn / 777-style scheme.",Rock Crystal,stone,,Malkuth|Malkhut|מלכות,,stone_of,Stone,Malkuth Correspondences,,0.95,sephiroth,
golden_dawn_777_starter,Golden Dawn / Crowley 777 Starter,"Starter dataset grounded in Golden Dawn style Tree of Life correspondences, Hermetic Library summaries, and a small number of clearly marked editorial rollups for practical planet lookups.",JWMT Tree,The Tree of Life: Filing Cabinet of the Western Mystery Tradition and Methods to Recall the Information,Hermetic Library web text,,"Samuel Scarborough, ""The Tree of Life: Filing Cabinet of the Western Mystery Tradition and Methods to Recall the Information,"" Journal of the Western Mystery Tradition / Hermetic Library.",https://hermetic.com/jwmt/v1n3/treeoflife,,,Malkuth,sephirah,"Malkuth, sephirah 10 on the Tree of Life in a Golden Dawn / 777-style scheme.",Lily,plant,,Malkuth|Malkhut|מלכות,,plant_of,Plant,Malkuth Correspondences,,0.9,sephiroth,
golden_dawn_777_starter,Golden Dawn / Crowley 777 Starter,"Starter dataset grounded in Golden Dawn style Tree of Life correspondences, Hermetic Library summaries, and a small number of clearly marked editorial rollups for practical planet lookups.",JWMT Tree,The Tree of Life: Filing Cabinet of the Western Mystery Tradition and Methods to Recall the Information,Hermetic Library web text,,"Samuel Scarborough, ""The Tree of Life: Filing Cabinet of the Western Mystery Tradition and Methods to Recall the Information,"" Journal of the Western Mystery Tradition / Hermetic Library.",https://hermetic.com/jwmt/v1n3/treeoflife,,,Malkuth,sephirah,"Malkuth, sephirah 10 on the Tree of Life in a Golden Dawn / 777-style scheme.",Decagram,symbol,,Malkuth|Malkhut|מלכות,,symbol_of,Symbol,Malkuth Correspondences,Geometric symbol in the source page.,0.9,sephiroth,
golden_dawn_777_starter,Golden Dawn / Crowley 777 Starter,"Starter dataset grounded in Golden Dawn style Tree of Life correspondences, Hermetic Library summaries, and a small number of clearly marked editorial rollups for practical planet lookups.",JWMT Tree,The Tree of Life: Filing Cabinet of the Western Mystery Tradition and Methods to Recall the Information,Hermetic Library web text,,"Samuel Scarborough, ""The Tree of Life: Filing Cabinet of the Western Mystery Tradition and Methods to Recall the Information,"" Journal of the Western Mystery Tradition / Hermetic Library.",https://hermetic.com/jwmt/v1n3/treeoflife,,,Malkuth,sephirah,"Malkuth, sephirah 10 on the Tree of Life in a Golden Dawn / 777-style scheme.",Princesses (Pages) & Tens,tarot,,Malkuth|Malkhut|מלכות,,tarot_attribution,Tarot,Tarot placement chart,Minor-arcana / court-card placement chart.,0.95,sephiroth,
golden_dawn_777_starter,Golden Dawn / Crowley 777 Starter,"Starter dataset grounded in Golden Dawn style Tree of Life correspondences, Hermetic Library summaries, and a small number of clearly marked editorial rollups for practical planet lookups.",JWMT Tree,The Tree of Life: Filing Cabinet of the Western Mystery Tradition and Methods to Recall the Information,Hermetic Library web text,,"Samuel Scarborough, ""The Tree of Life: Filing Cabinet of the Western Mystery Tradition and Methods to Recall the Information,"" Journal of the Western Mystery Tradition / Hermetic Library.",https://hermetic.com/jwmt/v1n3/treeoflife,,,Malkuth,sephirah,"Malkuth, sephirah 10 on the Tree of Life in a Golden Dawn / 777-style scheme.",Demeter,deity,,Malkuth|Malkhut|מלכות,,greek_deity_of,Greek Deity,Pantheon chart,,0.85,pantheons,
golden_dawn_777_starter,Golden Dawn / Crowley 777 Starter,"Starter dataset grounded in Golden Dawn style Tree of Life correspondences, Hermetic Library summaries, and a small number of clearly marked editorial rollups for practical planet lookups.",JWMT Tree,The Tree of Life: Filing Cabinet of the Western Mystery Tradition and Methods to Recall the Information,Hermetic Library web text,,"Samuel Scarborough, ""The Tree of Life: Filing Cabinet of the Western Mystery Tradition and Methods to Recall the Information,"" Journal of the Western Mystery Tradition / Hermetic Library.",https://hermetic.com/jwmt/v1n3/treeoflife,,,Malkuth,sephirah,"Malkuth, sephirah 10 on the Tree of Life in a Golden Dawn / 777-style scheme.",Ceres,deity,,Malkuth|Malkhut|מלכות,,roman_deity_of,Roman Deity,Pantheon chart,,0.85,pantheons,
golden_dawn_777_starter,Golden Dawn / Crowley 777 Starter,"Starter dataset grounded in Golden Dawn style Tree of Life correspondences, Hermetic Library summaries, and a small number of clearly marked editorial rollups for practical planet lookups.",JWMT Tree,The Tree of Life: Filing Cabinet of the Western Mystery Tradition and Methods to Recall the Information,Hermetic Library web text,,"Samuel Scarborough, ""The Tree of Life: Filing Cabinet of the Western Mystery Tradition and Methods to Recall the Information,"" Journal of the Western Mystery Tradition / Hermetic Library.",https://hermetic.com/jwmt/v1n3/treeoflife,,,Path 11,path,Path 11 on the Tree of Life in the Golden Dawn / 777-style path scheme.,Aleph,hebrew_letter,,Aleph|א,א,hebrew_letter_of,Hebrew Letter,Tarot placement chart,,0.95,paths,
golden_dawn_777_starter,Golden Dawn / Crowley 777 Starter,"Starter dataset grounded in Golden Dawn style Tree of Life correspondences, Hermetic Library summaries, and a small number of clearly marked editorial rollups for practical planet lookups.",JWMT Tree,The Tree of Life: Filing Cabinet of the Western Mystery Tradition and Methods to Recall the Information,Hermetic Library web text,,"Samuel Scarborough, ""The Tree of Life: Filing Cabinet of the Western Mystery Tradition and Methods to Recall the Information,"" Journal of the Western Mystery Tradition / Hermetic Library.",https://hermetic.com/jwmt/v1n3/treeoflife,,,Path 11,path,Path 11 on the Tree of Life in the Golden Dawn / 777-style path scheme.,The Fool,tarot,,Aleph|א,,tarot_attribution,Tarot,Tarot placement chart,,0.95,paths,
golden_dawn_777_starter,Golden Dawn / Crowley 777 Starter,"Starter dataset grounded in Golden Dawn style Tree of Life correspondences, Hermetic Library summaries, and a small number of clearly marked editorial rollups for practical planet lookups.",JWMT Tree,The Tree of Life: Filing Cabinet of the Western Mystery Tradition and Methods to Recall the Information,Hermetic Library web text,,"Samuel Scarborough, ""The Tree of Life: Filing Cabinet of the Western Mystery Tradition and Methods to Recall the Information,"" Journal of the Western Mystery Tradition / Hermetic Library.",https://hermetic.com/jwmt/v1n3/treeoflife,,,Path 11,path,Path 11 on the Tree of Life in the Golden Dawn / 777-style path scheme.,Bright Pale Yellow,color,Golden Dawn King Scale color.,Aleph|א,,color_of,Color,Tarot placement chart,,0.95,paths,
golden_dawn_777_starter,Golden Dawn / Crowley 777 Starter,"Starter dataset grounded in Golden Dawn style Tree of Life correspondences, Hermetic Library summaries, and a small number of clearly marked editorial rollups for practical planet lookups.",JWMT Tree,The Tree of Life: Filing Cabinet of the Western Mystery Tradition and Methods to Recall the Information,Hermetic Library web text,,"Samuel Scarborough, ""The Tree of Life: Filing Cabinet of the Western Mystery Tradition and Methods to Recall the Information,"" Journal of the Western Mystery Tradition / Hermetic Library.",https://hermetic.com/jwmt/v1n3/treeoflife,,,Path 11,path,Path 11 on the Tree of Life in the Golden Dawn / 777-style path scheme.,Air,element,,Aleph|א,,astrological_attribution,Astrology,Path correspondences chart,,0.95,paths,
golden_dawn_777_starter,Golden Dawn / Crowley 777 Starter,"Starter dataset grounded in Golden Dawn style Tree of Life correspondences, Hermetic Library summaries, and a small number of clearly marked editorial rollups for practical planet lookups.",JWMT Tree,The Tree of Life: Filing Cabinet of the Western Mystery Tradition and Methods to Recall the Information,Hermetic Library web text,,"Samuel Scarborough, ""The Tree of Life: Filing Cabinet of the Western Mystery Tradition and Methods to Recall the Information,"" Journal of the Western Mystery Tradition / Hermetic Library.",https://hermetic.com/jwmt/v1n3/treeoflife,,,Path 11,path,Path 11 on the Tree of Life in the Golden Dawn / 777-style path scheme.,Aspen,plant,,Aleph|א,,plant_of,Plant,Path correspondences chart,,0.9,paths,
golden_dawn_777_starter,Golden Dawn / Crowley 777 Starter,"Starter dataset grounded in Golden Dawn style Tree of Life correspondences, Hermetic Library summaries, and a small number of clearly marked editorial rollups for practical planet lookups.",JWMT Tree,The Tree of Life: Filing Cabinet of the Western Mystery Tradition and Methods to Recall the Information,Hermetic Library web text,,"Samuel Scarborough, ""The Tree of Life: Filing Cabinet of the Western Mystery Tradition and Methods to Recall the Information,"" Journal of the Western Mystery Tradition / Hermetic Library.",https://hermetic.com/jwmt/v1n3/treeoflife,,,Path 11,path,Path 11 on the Tree of Life in the Golden Dawn / 777-style path scheme.,Topaz,stone,,Aleph|א,,stone_of,Stone,Path correspondences chart,,0.9,paths,
golden_dawn_777_starter,Golden Dawn / Crowley 777 Starter,"Starter dataset grounded in Golden Dawn style Tree of Life correspondences, Hermetic Library summaries, and a small number of clearly marked editorial rollups for practical planet lookups.",JWMT Tree,The Tree of Life: Filing Cabinet of the Western Mystery Tradition and Methods to Recall the Information,Hermetic Library web text,,"Samuel Scarborough, ""The Tree of Life: Filing Cabinet of the Western Mystery Tradition and Methods to Recall the Information,"" Journal of the Western Mystery Tradition / Hermetic Library.",https://hermetic.com/jwmt/v1n3/treeoflife,,,Path 11,path,Path 11 on the Tree of Life in the Golden Dawn / 777-style path scheme.,Galbanum,perfume,,Aleph|א,,perfume_of,Perfume,Path correspondences chart,Listed as scent in the source page.,0.9,paths,
golden_dawn_777_starter,Golden Dawn / Crowley 777 Starter,"Starter dataset grounded in Golden Dawn style Tree of Life correspondences, Hermetic Library summaries, and a small number of clearly marked editorial rollups for practical planet lookups.",JWMT Tree,The Tree of Life: Filing Cabinet of the Western Mystery Tradition and Methods to Recall the Information,Hermetic Library web text,,"Samuel Scarborough, ""The Tree of Life: Filing Cabinet of the Western Mystery Tradition and Methods to Recall the Information,"" Journal of the Western Mystery Tradition / Hermetic Library.",https://hermetic.com/jwmt/v1n3/treeoflife,,,Path 11,path,Path 11 on the Tree of Life in the Golden Dawn / 777-style path scheme.,Dagger,tool,,Aleph|א,,tool_of,Tool,Path correspondences chart,,0.9,paths,
golden_dawn_777_starter,Golden Dawn / Crowley 777 Starter,"Starter dataset grounded in Golden Dawn style Tree of Life correspondences, Hermetic Library summaries, and a small number of clearly marked editorial rollups for practical planet lookups.",JWMT Tree,The Tree of Life: Filing Cabinet of the Western Mystery Tradition and Methods to Recall the Information,Hermetic Library web text,,"Samuel Scarborough, ""The Tree of Life: Filing Cabinet of the Western Mystery Tradition and Methods to Recall the Information,"" Journal of the Western Mystery Tradition / Hermetic Library.",https://hermetic.com/jwmt/v1n3/treeoflife,,,Path 12,path,Path 12 on the Tree of Life in the Golden Dawn / 777-style path scheme.,Beth,hebrew_letter,,Beth|ב,ב,hebrew_letter_of,Hebrew Letter,Tarot placement chart,,0.95,paths,
golden_dawn_777_starter,Golden Dawn / Crowley 777 Starter,"Starter dataset grounded in Golden Dawn style Tree of Life correspondences, Hermetic Library summaries, and a small number of clearly marked editorial rollups for practical planet lookups.",JWMT Tree,The Tree of Life: Filing Cabinet of the Western Mystery Tradition and Methods to Recall the Information,Hermetic Library web text,,"Samuel Scarborough, ""The Tree of Life: Filing Cabinet of the Western Mystery Tradition and Methods to Recall the Information,"" Journal of the Western Mystery Tradition / Hermetic Library.",https://hermetic.com/jwmt/v1n3/treeoflife,,,Path 12,path,Path 12 on the Tree of Life in the Golden Dawn / 777-style path scheme.,The Magician,tarot,,Beth|ב,,tarot_attribution,Tarot,Tarot placement chart,,0.95,paths,
golden_dawn_777_starter,Golden Dawn / Crowley 777 Starter,"Starter dataset grounded in Golden Dawn style Tree of Life correspondences, Hermetic Library summaries, and a small number of clearly marked editorial rollups for practical planet lookups.",JWMT Tree,The Tree of Life: Filing Cabinet of the Western Mystery Tradition and Methods to Recall the Information,Hermetic Library web text,,"Samuel Scarborough, ""The Tree of Life: Filing Cabinet of the Western Mystery Tradition and Methods to Recall the Information,"" Journal of the Western Mystery Tradition / Hermetic Library.",https://hermetic.com/jwmt/v1n3/treeoflife,,,Path 12,path,Path 12 on the Tree of Life in the Golden Dawn / 777-style path scheme.,Yellow,color,Golden Dawn King Scale color.,Beth|ב,,color_of,Color,Tarot placement chart,,0.95,paths,
golden_dawn_777_starter,Golden Dawn / Crowley 777 Starter,"Starter dataset grounded in Golden Dawn style Tree of Life correspondences, Hermetic Library summaries, and a small number of clearly marked editorial rollups for practical planet lookups.",JWMT Tree,The Tree of Life: Filing Cabinet of the Western Mystery Tradition and Methods to Recall the Information,Hermetic Library web text,,"Samuel Scarborough, ""The Tree of Life: Filing Cabinet of the Western Mystery Tradition and Methods to Recall the Information,"" Journal of the Western Mystery Tradition / Hermetic Library.",https://hermetic.com/jwmt/v1n3/treeoflife,,,Path 12,path,Path 12 on the Tree of Life in the Golden Dawn / 777-style path scheme.,Mercury,planet,,Beth|ב,,astrological_attribution,Astrology,Path correspondences chart,,0.95,paths,
golden_dawn_777_starter,Golden Dawn / Crowley 777 Starter,"Starter dataset grounded in Golden Dawn style Tree of Life correspondences, Hermetic Library summaries, and a small number of clearly marked editorial rollups for practical planet lookups.",JWMT Tree,The Tree of Life: Filing Cabinet of the Western Mystery Tradition and Methods to Recall the Information,Hermetic Library web text,,"Samuel Scarborough, ""The Tree of Life: Filing Cabinet of the Western Mystery Tradition and Methods to Recall the Information,"" Journal of the Western Mystery Tradition / Hermetic Library.",https://hermetic.com/jwmt/v1n3/treeoflife,,,Path 12,path,Path 12 on the Tree of Life in the Golden Dawn / 777-style path scheme.,Vervain,plant,,Beth|ב,,plant_of,Plant,Path correspondences chart,,0.9,paths,
golden_dawn_777_starter,Golden Dawn / Crowley 777 Starter,"Starter dataset grounded in Golden Dawn style Tree of Life correspondences, Hermetic Library summaries, and a small number of clearly marked editorial rollups for practical planet lookups.",JWMT Tree,The Tree of Life: Filing Cabinet of the Western Mystery Tradition and Methods to Recall the Information,Hermetic Library web text,,"Samuel Scarborough, ""The Tree of Life: Filing Cabinet of the Western Mystery Tradition and Methods to Recall the Information,"" Journal of the Western Mystery Tradition / Hermetic Library.",https://hermetic.com/jwmt/v1n3/treeoflife,,,Path 12,path,Path 12 on the Tree of Life in the Golden Dawn / 777-style path scheme.,Opal,stone,,Beth|ב,,stone_of,Stone,Path correspondences chart,,0.9,paths,
golden_dawn_777_starter,Golden Dawn / Crowley 777 Starter,"Starter dataset grounded in Golden Dawn style Tree of Life correspondences, Hermetic Library summaries, and a small number of clearly marked editorial rollups for practical planet lookups.",JWMT Tree,The Tree of Life: Filing Cabinet of the Western Mystery Tradition and Methods to Recall the Information,Hermetic Library web text,,"Samuel Scarborough, ""The Tree of Life: Filing Cabinet of the Western Mystery Tradition and Methods to Recall the Information,"" Journal of the Western Mystery Tradition / Hermetic Library.",https://hermetic.com/jwmt/v1n3/treeoflife,,,Path 12,path,Path 12 on the Tree of Life in the Golden Dawn / 777-style path scheme.,Mastic,perfume,,Beth|ב,,perfume_of,Perfume,Path correspondences chart,Listed as scent in the source page.,0.9,paths,
golden_dawn_777_starter,Golden Dawn / Crowley 777 Starter,"Starter dataset grounded in Golden Dawn style Tree of Life correspondences, Hermetic Library summaries, and a small number of clearly marked editorial rollups for practical planet lookups.",JWMT Tree,The Tree of Life: Filing Cabinet of the Western Mystery Tradition and Methods to Recall the Information,Hermetic Library web text,,"Samuel Scarborough, ""The Tree of Life: Filing Cabinet of the Western Mystery Tradition and Methods to Recall the Information,"" Journal of the Western Mystery Tradition / Hermetic Library.",https://hermetic.com/jwmt/v1n3/treeoflife,,,Path 12,path,Path 12 on the Tree of Life in the Golden Dawn / 777-style path scheme.,Wand or Caduceus,tool,,Beth|ב,,tool_of,Tool,Path correspondences chart,,0.9,paths,
golden_dawn_777_starter,Golden Dawn / Crowley 777 Starter,"Starter dataset grounded in Golden Dawn style Tree of Life correspondences, Hermetic Library summaries, and a small number of clearly marked editorial rollups for practical planet lookups.",JWMT Tree,The Tree of Life: Filing Cabinet of the Western Mystery Tradition and Methods to Recall the Information,Hermetic Library web text,,"Samuel Scarborough, ""The Tree of Life: Filing Cabinet of the Western Mystery Tradition and Methods to Recall the Information,"" Journal of the Western Mystery Tradition / Hermetic Library.",https://hermetic.com/jwmt/v1n3/treeoflife,,,Path 13,path,Path 13 on the Tree of Life in the Golden Dawn / 777-style path scheme.,Gimel,hebrew_letter,,Gimel|ג,ג,hebrew_letter_of,Hebrew Letter,Tarot placement chart,,0.95,paths,
golden_dawn_777_starter,Golden Dawn / Crowley 777 Starter,"Starter dataset grounded in Golden Dawn style Tree of Life correspondences, Hermetic Library summaries, and a small number of clearly marked editorial rollups for practical planet lookups.",JWMT Tree,The Tree of Life: Filing Cabinet of the Western Mystery Tradition and Methods to Recall the Information,Hermetic Library web text,,"Samuel Scarborough, ""The Tree of Life: Filing Cabinet of the Western Mystery Tradition and Methods to Recall the Information,"" Journal of the Western Mystery Tradition / Hermetic Library.",https://hermetic.com/jwmt/v1n3/treeoflife,,,Path 13,path,Path 13 on the Tree of Life in the Golden Dawn / 777-style path scheme.,The High Priestess,tarot,,Gimel|ג,,tarot_attribution,Tarot,Tarot placement chart,,0.95,paths,
golden_dawn_777_starter,Golden Dawn / Crowley 777 Starter,"Starter dataset grounded in Golden Dawn style Tree of Life correspondences, Hermetic Library summaries, and a small number of clearly marked editorial rollups for practical planet lookups.",JWMT Tree,The Tree of Life: Filing Cabinet of the Western Mystery Tradition and Methods to Recall the Information,Hermetic Library web text,,"Samuel Scarborough, ""The Tree of Life: Filing Cabinet of the Western Mystery Tradition and Methods to Recall the Information,"" Journal of the Western Mystery Tradition / Hermetic Library.",https://hermetic.com/jwmt/v1n3/treeoflife,,,Path 13,path,Path 13 on the Tree of Life in the Golden Dawn / 777-style path scheme.,Blue,color,Golden Dawn King Scale color.,Gimel|ג,,color_of,Color,Tarot placement chart,,0.95,paths,
golden_dawn_777_starter,Golden Dawn / Crowley 777 Starter,"Starter dataset grounded in Golden Dawn style Tree of Life correspondences, Hermetic Library summaries, and a small number of clearly marked editorial rollups for practical planet lookups.",JWMT Tree,The Tree of Life: Filing Cabinet of the Western Mystery Tradition and Methods to Recall the Information,Hermetic Library web text,,"Samuel Scarborough, ""The Tree of Life: Filing Cabinet of the Western Mystery Tradition and Methods to Recall the Information,"" Journal of the Western Mystery Tradition / Hermetic Library.",https://hermetic.com/jwmt/v1n3/treeoflife,,,Path 13,path,Path 13 on the Tree of Life in the Golden Dawn / 777-style path scheme.,Luna,planet,,Gimel|ג,,astrological_attribution,Astrology,Path correspondences chart,,0.95,paths,
golden_dawn_777_starter,Golden Dawn / Crowley 777 Starter,"Starter dataset grounded in Golden Dawn style Tree of Life correspondences, Hermetic Library summaries, and a small number of clearly marked editorial rollups for practical planet lookups.",JWMT Tree,The Tree of Life: Filing Cabinet of the Western Mystery Tradition and Methods to Recall the Information,Hermetic Library web text,,"Samuel Scarborough, ""The Tree of Life: Filing Cabinet of the Western Mystery Tradition and Methods to Recall the Information,"" Journal of the Western Mystery Tradition / Hermetic Library.",https://hermetic.com/jwmt/v1n3/treeoflife,,,Path 13,path,Path 13 on the Tree of Life in the Golden Dawn / 777-style path scheme.,Almond,plant,,Gimel|ג,,plant_of,Plant,Path correspondences chart,,0.9,paths,
golden_dawn_777_starter,Golden Dawn / Crowley 777 Starter,"Starter dataset grounded in Golden Dawn style Tree of Life correspondences, Hermetic Library summaries, and a small number of clearly marked editorial rollups for practical planet lookups.",JWMT Tree,The Tree of Life: Filing Cabinet of the Western Mystery Tradition and Methods to Recall the Information,Hermetic Library web text,,"Samuel Scarborough, ""The Tree of Life: Filing Cabinet of the Western Mystery Tradition and Methods to Recall the Information,"" Journal of the Western Mystery Tradition / Hermetic Library.",https://hermetic.com/jwmt/v1n3/treeoflife,,,Path 13,path,Path 13 on the Tree of Life in the Golden Dawn / 777-style path scheme.,Moonstone,stone,,Gimel|ג,,stone_of,Stone,Path correspondences chart,,0.9,paths,
golden_dawn_777_starter,Golden Dawn / Crowley 777 Starter,"Starter dataset grounded in Golden Dawn style Tree of Life correspondences, Hermetic Library summaries, and a small number of clearly marked editorial rollups for practical planet lookups.",JWMT Tree,The Tree of Life: Filing Cabinet of the Western Mystery Tradition and Methods to Recall the Information,Hermetic Library web text,,"Samuel Scarborough, ""The Tree of Life: Filing Cabinet of the Western Mystery Tradition and Methods to Recall the Information,"" Journal of the Western Mystery Tradition / Hermetic Library.",https://hermetic.com/jwmt/v1n3/treeoflife,,,Path 13,path,Path 13 on the Tree of Life in the Golden Dawn / 777-style path scheme.,Camphor,perfume,,Gimel|ג,,perfume_of,Perfume,Path correspondences chart,Listed as scent in the source page.,0.9,paths,
golden_dawn_777_starter,Golden Dawn / Crowley 777 Starter,"Starter dataset grounded in Golden Dawn style Tree of Life correspondences, Hermetic Library summaries, and a small number of clearly marked editorial rollups for practical planet lookups.",JWMT Tree,The Tree of Life: Filing Cabinet of the Western Mystery Tradition and Methods to Recall the Information,Hermetic Library web text,,"Samuel Scarborough, ""The Tree of Life: Filing Cabinet of the Western Mystery Tradition and Methods to Recall the Information,"" Journal of the Western Mystery Tradition / Hermetic Library.",https://hermetic.com/jwmt/v1n3/treeoflife,,,Path 13,path,Path 13 on the Tree of Life in the Golden Dawn / 777-style path scheme.,Bow & Arrow,tool,,Gimel|ג,,tool_of,Tool,Path correspondences chart,,0.9,paths,
golden_dawn_777_starter,Golden Dawn / Crowley 777 Starter,"Starter dataset grounded in Golden Dawn style Tree of Life correspondences, Hermetic Library summaries, and a small number of clearly marked editorial rollups for practical planet lookups.",JWMT Tree,The Tree of Life: Filing Cabinet of the Western Mystery Tradition and Methods to Recall the Information,Hermetic Library web text,,"Samuel Scarborough, ""The Tree of Life: Filing Cabinet of the Western Mystery Tradition and Methods to Recall the Information,"" Journal of the Western Mystery Tradition / Hermetic Library.",https://hermetic.com/jwmt/v1n3/treeoflife,,,Path 14,path,Path 14 on the Tree of Life in the Golden Dawn / 777-style path scheme.,Daleth,hebrew_letter,,Daleth|ד,ד,hebrew_letter_of,Hebrew Letter,Tarot placement chart,,0.95,paths,
golden_dawn_777_starter,Golden Dawn / Crowley 777 Starter,"Starter dataset grounded in Golden Dawn style Tree of Life correspondences, Hermetic Library summaries, and a small number of clearly marked editorial rollups for practical planet lookups.",JWMT Tree,The Tree of Life: Filing Cabinet of the Western Mystery Tradition and Methods to Recall the Information,Hermetic Library web text,,"Samuel Scarborough, ""The Tree of Life: Filing Cabinet of the Western Mystery Tradition and Methods to Recall the Information,"" Journal of the Western Mystery Tradition / Hermetic Library.",https://hermetic.com/jwmt/v1n3/treeoflife,,,Path 14,path,Path 14 on the Tree of Life in the Golden Dawn / 777-style path scheme.,The Empress,tarot,,Daleth|ד,,tarot_attribution,Tarot,Tarot placement chart,,0.95,paths,
golden_dawn_777_starter,Golden Dawn / Crowley 777 Starter,"Starter dataset grounded in Golden Dawn style Tree of Life correspondences, Hermetic Library summaries, and a small number of clearly marked editorial rollups for practical planet lookups.",JWMT Tree,The Tree of Life: Filing Cabinet of the Western Mystery Tradition and Methods to Recall the Information,Hermetic Library web text,,"Samuel Scarborough, ""The Tree of Life: Filing Cabinet of the Western Mystery Tradition and Methods to Recall the Information,"" Journal of the Western Mystery Tradition / Hermetic Library.",https://hermetic.com/jwmt/v1n3/treeoflife,,,Path 14,path,Path 14 on the Tree of Life in the Golden Dawn / 777-style path scheme.,Emerald Green,color,Golden Dawn King Scale color.,Daleth|ד,,color_of,Color,Tarot placement chart,,0.95,paths,
golden_dawn_777_starter,Golden Dawn / Crowley 777 Starter,"Starter dataset grounded in Golden Dawn style Tree of Life correspondences, Hermetic Library summaries, and a small number of clearly marked editorial rollups for practical planet lookups.",JWMT Tree,The Tree of Life: Filing Cabinet of the Western Mystery Tradition and Methods to Recall the Information,Hermetic Library web text,,"Samuel Scarborough, ""The Tree of Life: Filing Cabinet of the Western Mystery Tradition and Methods to Recall the Information,"" Journal of the Western Mystery Tradition / Hermetic Library.",https://hermetic.com/jwmt/v1n3/treeoflife,,,Path 14,path,Path 14 on the Tree of Life in the Golden Dawn / 777-style path scheme.,Venus,planet,,Daleth|ד,,astrological_attribution,Astrology,Path correspondences chart,,0.95,paths,
golden_dawn_777_starter,Golden Dawn / Crowley 777 Starter,"Starter dataset grounded in Golden Dawn style Tree of Life correspondences, Hermetic Library summaries, and a small number of clearly marked editorial rollups for practical planet lookups.",JWMT Tree,The Tree of Life: Filing Cabinet of the Western Mystery Tradition and Methods to Recall the Information,Hermetic Library web text,,"Samuel Scarborough, ""The Tree of Life: Filing Cabinet of the Western Mystery Tradition and Methods to Recall the Information,"" Journal of the Western Mystery Tradition / Hermetic Library.",https://hermetic.com/jwmt/v1n3/treeoflife,,,Path 14,path,Path 14 on the Tree of Life in the Golden Dawn / 777-style path scheme.,Myrtle,plant,,Daleth|ד,,plant_of,Plant,Path correspondences chart,,0.9,paths,
golden_dawn_777_starter,Golden Dawn / Crowley 777 Starter,"Starter dataset grounded in Golden Dawn style Tree of Life correspondences, Hermetic Library summaries, and a small number of clearly marked editorial rollups for practical planet lookups.",JWMT Tree,The Tree of Life: Filing Cabinet of the Western Mystery Tradition and Methods to Recall the Information,Hermetic Library web text,,"Samuel Scarborough, ""The Tree of Life: Filing Cabinet of the Western Mystery Tradition and Methods to Recall the Information,"" Journal of the Western Mystery Tradition / Hermetic Library.",https://hermetic.com/jwmt/v1n3/treeoflife,,,Path 14,path,Path 14 on the Tree of Life in the Golden Dawn / 777-style path scheme.,Emerald,stone,,Daleth|ד,,stone_of,Stone,Path correspondences chart,,0.9,paths,
golden_dawn_777_starter,Golden Dawn / Crowley 777 Starter,"Starter dataset grounded in Golden Dawn style Tree of Life correspondences, Hermetic Library summaries, and a small number of clearly marked editorial rollups for practical planet lookups.",JWMT Tree,The Tree of Life: Filing Cabinet of the Western Mystery Tradition and Methods to Recall the Information,Hermetic Library web text,,"Samuel Scarborough, ""The Tree of Life: Filing Cabinet of the Western Mystery Tradition and Methods to Recall the Information,"" Journal of the Western Mystery Tradition / Hermetic Library.",https://hermetic.com/jwmt/v1n3/treeoflife,,,Path 14,path,Path 14 on the Tree of Life in the Golden Dawn / 777-style path scheme.,Sandalwood,perfume,,Daleth|ד,,perfume_of,Perfume,Path correspondences chart,Listed as scent in the source page.,0.9,paths,
golden_dawn_777_starter,Golden Dawn / Crowley 777 Starter,"Starter dataset grounded in Golden Dawn style Tree of Life correspondences, Hermetic Library summaries, and a small number of clearly marked editorial rollups for practical planet lookups.",JWMT Tree,The Tree of Life: Filing Cabinet of the Western Mystery Tradition and Methods to Recall the Information,Hermetic Library web text,,"Samuel Scarborough, ""The Tree of Life: Filing Cabinet of the Western Mystery Tradition and Methods to Recall the Information,"" Journal of the Western Mystery Tradition / Hermetic Library.",https://hermetic.com/jwmt/v1n3/treeoflife,,,Path 14,path,Path 14 on the Tree of Life in the Golden Dawn / 777-style path scheme.,Girdle,tool,,Daleth|ד,,tool_of,Tool,Path correspondences chart,,0.9,paths,
golden_dawn_777_starter,Golden Dawn / Crowley 777 Starter,"Starter dataset grounded in Golden Dawn style Tree of Life correspondences, Hermetic Library summaries, and a small number of clearly marked editorial rollups for practical planet lookups.",JWMT Tree,The Tree of Life: Filing Cabinet of the Western Mystery Tradition and Methods to Recall the Information,Hermetic Library web text,,"Samuel Scarborough, ""The Tree of Life: Filing Cabinet of the Western Mystery Tradition and Methods to Recall the Information,"" Journal of the Western Mystery Tradition / Hermetic Library.",https://hermetic.com/jwmt/v1n3/treeoflife,,,Path 15,path,Path 15 on the Tree of Life in the Golden Dawn / 777-style path scheme.,Heh,hebrew_letter,,Heh|ה,ה,hebrew_letter_of,Hebrew Letter,Tarot placement chart,,0.95,paths,
golden_dawn_777_starter,Golden Dawn / Crowley 777 Starter,"Starter dataset grounded in Golden Dawn style Tree of Life correspondences, Hermetic Library summaries, and a small number of clearly marked editorial rollups for practical planet lookups.",JWMT Tree,The Tree of Life: Filing Cabinet of the Western Mystery Tradition and Methods to Recall the Information,Hermetic Library web text,,"Samuel Scarborough, ""The Tree of Life: Filing Cabinet of the Western Mystery Tradition and Methods to Recall the Information,"" Journal of the Western Mystery Tradition / Hermetic Library.",https://hermetic.com/jwmt/v1n3/treeoflife,,,Path 15,path,Path 15 on the Tree of Life in the Golden Dawn / 777-style path scheme.,The Emperor,tarot,,Heh|ה,,tarot_attribution,Tarot,Tarot placement chart,,0.95,paths,
golden_dawn_777_starter,Golden Dawn / Crowley 777 Starter,"Starter dataset grounded in Golden Dawn style Tree of Life correspondences, Hermetic Library summaries, and a small number of clearly marked editorial rollups for practical planet lookups.",JWMT Tree,The Tree of Life: Filing Cabinet of the Western Mystery Tradition and Methods to Recall the Information,Hermetic Library web text,,"Samuel Scarborough, ""The Tree of Life: Filing Cabinet of the Western Mystery Tradition and Methods to Recall the Information,"" Journal of the Western Mystery Tradition / Hermetic Library.",https://hermetic.com/jwmt/v1n3/treeoflife,,,Path 15,path,Path 15 on the Tree of Life in the Golden Dawn / 777-style path scheme.,Scarlet,color,Golden Dawn King Scale color.,Heh|ה,,color_of,Color,Tarot placement chart,,0.95,paths,
golden_dawn_777_starter,Golden Dawn / Crowley 777 Starter,"Starter dataset grounded in Golden Dawn style Tree of Life correspondences, Hermetic Library summaries, and a small number of clearly marked editorial rollups for practical planet lookups.",JWMT Tree,The Tree of Life: Filing Cabinet of the Western Mystery Tradition and Methods to Recall the Information,Hermetic Library web text,,"Samuel Scarborough, ""The Tree of Life: Filing Cabinet of the Western Mystery Tradition and Methods to Recall the Information,"" Journal of the Western Mystery Tradition / Hermetic Library.",https://hermetic.com/jwmt/v1n3/treeoflife,,,Path 15,path,Path 15 on the Tree of Life in the Golden Dawn / 777-style path scheme.,Aries,zodiac_sign,,Heh|ה,,astrological_attribution,Astrology,Path correspondences chart,,0.95,paths,
golden_dawn_777_starter,Golden Dawn / Crowley 777 Starter,"Starter dataset grounded in Golden Dawn style Tree of Life correspondences, Hermetic Library summaries, and a small number of clearly marked editorial rollups for practical planet lookups.",JWMT Tree,The Tree of Life: Filing Cabinet of the Western Mystery Tradition and Methods to Recall the Information,Hermetic Library web text,,"Samuel Scarborough, ""The Tree of Life: Filing Cabinet of the Western Mystery Tradition and Methods to Recall the Information,"" Journal of the Western Mystery Tradition / Hermetic Library.",https://hermetic.com/jwmt/v1n3/treeoflife,,,Path 15,path,Path 15 on the Tree of Life in the Golden Dawn / 777-style path scheme.,Tiger Lily,plant,,Heh|ה,,plant_of,Plant,Path correspondences chart,,0.9,paths,
golden_dawn_777_starter,Golden Dawn / Crowley 777 Starter,"Starter dataset grounded in Golden Dawn style Tree of Life correspondences, Hermetic Library summaries, and a small number of clearly marked editorial rollups for practical planet lookups.",JWMT Tree,The Tree of Life: Filing Cabinet of the Western Mystery Tradition and Methods to Recall the Information,Hermetic Library web text,,"Samuel Scarborough, ""The Tree of Life: Filing Cabinet of the Western Mystery Tradition and Methods to Recall the Information,"" Journal of the Western Mystery Tradition / Hermetic Library.",https://hermetic.com/jwmt/v1n3/treeoflife,,,Path 15,path,Path 15 on the Tree of Life in the Golden Dawn / 777-style path scheme.,Ruby,stone,,Heh|ה,,stone_of,Stone,Path correspondences chart,,0.9,paths,
golden_dawn_777_starter,Golden Dawn / Crowley 777 Starter,"Starter dataset grounded in Golden Dawn style Tree of Life correspondences, Hermetic Library summaries, and a small number of clearly marked editorial rollups for practical planet lookups.",JWMT Tree,The Tree of Life: Filing Cabinet of the Western Mystery Tradition and Methods to Recall the Information,Hermetic Library web text,,"Samuel Scarborough, ""The Tree of Life: Filing Cabinet of the Western Mystery Tradition and Methods to Recall the Information,"" Journal of the Western Mystery Tradition / Hermetic Library.",https://hermetic.com/jwmt/v1n3/treeoflife,,,Path 15,path,Path 15 on the Tree of Life in the Golden Dawn / 777-style path scheme.,Dragon's Blood,perfume,,Heh|ה,,perfume_of,Perfume,Path correspondences chart,Listed as scent in the source page.,0.9,paths,
golden_dawn_777_starter,Golden Dawn / Crowley 777 Starter,"Starter dataset grounded in Golden Dawn style Tree of Life correspondences, Hermetic Library summaries, and a small number of clearly marked editorial rollups for practical planet lookups.",JWMT Tree,The Tree of Life: Filing Cabinet of the Western Mystery Tradition and Methods to Recall the Information,Hermetic Library web text,,"Samuel Scarborough, ""The Tree of Life: Filing Cabinet of the Western Mystery Tradition and Methods to Recall the Information,"" Journal of the Western Mystery Tradition / Hermetic Library.",https://hermetic.com/jwmt/v1n3/treeoflife,,,Path 15,path,Path 15 on the Tree of Life in the Golden Dawn / 777-style path scheme.,Horns & Burin,tool,,Heh|ה,,tool_of,Tool,Path correspondences chart,,0.9,paths,
golden_dawn_777_starter,Golden Dawn / Crowley 777 Starter,"Starter dataset grounded in Golden Dawn style Tree of Life correspondences, Hermetic Library summaries, and a small number of clearly marked editorial rollups for practical planet lookups.",JWMT Tree,The Tree of Life: Filing Cabinet of the Western Mystery Tradition and Methods to Recall the Information,Hermetic Library web text,,"Samuel Scarborough, ""The Tree of Life: Filing Cabinet of the Western Mystery Tradition and Methods to Recall the Information,"" Journal of the Western Mystery Tradition / Hermetic Library.",https://hermetic.com/jwmt/v1n3/treeoflife,,,Path 16,path,Path 16 on the Tree of Life in the Golden Dawn / 777-style path scheme.,Vav,hebrew_letter,,Vav|ו,ו,hebrew_letter_of,Hebrew Letter,Tarot placement chart,,0.95,paths,
golden_dawn_777_starter,Golden Dawn / Crowley 777 Starter,"Starter dataset grounded in Golden Dawn style Tree of Life correspondences, Hermetic Library summaries, and a small number of clearly marked editorial rollups for practical planet lookups.",JWMT Tree,The Tree of Life: Filing Cabinet of the Western Mystery Tradition and Methods to Recall the Information,Hermetic Library web text,,"Samuel Scarborough, ""The Tree of Life: Filing Cabinet of the Western Mystery Tradition and Methods to Recall the Information,"" Journal of the Western Mystery Tradition / Hermetic Library.",https://hermetic.com/jwmt/v1n3/treeoflife,,,Path 16,path,Path 16 on the Tree of Life in the Golden Dawn / 777-style path scheme.,The Hierophant,tarot,,Vav|ו,,tarot_attribution,Tarot,Tarot placement chart,,0.95,paths,
golden_dawn_777_starter,Golden Dawn / Crowley 777 Starter,"Starter dataset grounded in Golden Dawn style Tree of Life correspondences, Hermetic Library summaries, and a small number of clearly marked editorial rollups for practical planet lookups.",JWMT Tree,The Tree of Life: Filing Cabinet of the Western Mystery Tradition and Methods to Recall the Information,Hermetic Library web text,,"Samuel Scarborough, ""The Tree of Life: Filing Cabinet of the Western Mystery Tradition and Methods to Recall the Information,"" Journal of the Western Mystery Tradition / Hermetic Library.",https://hermetic.com/jwmt/v1n3/treeoflife,,,Path 16,path,Path 16 on the Tree of Life in the Golden Dawn / 777-style path scheme.,Red-Orange,color,Golden Dawn King Scale color.,Vav|ו,,color_of,Color,Tarot placement chart,,0.95,paths,
golden_dawn_777_starter,Golden Dawn / Crowley 777 Starter,"Starter dataset grounded in Golden Dawn style Tree of Life correspondences, Hermetic Library summaries, and a small number of clearly marked editorial rollups for practical planet lookups.",JWMT Tree,The Tree of Life: Filing Cabinet of the Western Mystery Tradition and Methods to Recall the Information,Hermetic Library web text,,"Samuel Scarborough, ""The Tree of Life: Filing Cabinet of the Western Mystery Tradition and Methods to Recall the Information,"" Journal of the Western Mystery Tradition / Hermetic Library.",https://hermetic.com/jwmt/v1n3/treeoflife,,,Path 16,path,Path 16 on the Tree of Life in the Golden Dawn / 777-style path scheme.,Taurus,zodiac_sign,,Vav|ו,,astrological_attribution,Astrology,Path correspondences chart,,0.95,paths,
golden_dawn_777_starter,Golden Dawn / Crowley 777 Starter,"Starter dataset grounded in Golden Dawn style Tree of Life correspondences, Hermetic Library summaries, and a small number of clearly marked editorial rollups for practical planet lookups.",JWMT Tree,The Tree of Life: Filing Cabinet of the Western Mystery Tradition and Methods to Recall the Information,Hermetic Library web text,,"Samuel Scarborough, ""The Tree of Life: Filing Cabinet of the Western Mystery Tradition and Methods to Recall the Information,"" Journal of the Western Mystery Tradition / Hermetic Library.",https://hermetic.com/jwmt/v1n3/treeoflife,,,Path 16,path,Path 16 on the Tree of Life in the Golden Dawn / 777-style path scheme.,Mallow,plant,,Vav|ו,,plant_of,Plant,Path correspondences chart,,0.9,paths,
golden_dawn_777_starter,Golden Dawn / Crowley 777 Starter,"Starter dataset grounded in Golden Dawn style Tree of Life correspondences, Hermetic Library summaries, and a small number of clearly marked editorial rollups for practical planet lookups.",JWMT Tree,The Tree of Life: Filing Cabinet of the Western Mystery Tradition and Methods to Recall the Information,Hermetic Library web text,,"Samuel Scarborough, ""The Tree of Life: Filing Cabinet of the Western Mystery Tradition and Methods to Recall the Information,"" Journal of the Western Mystery Tradition / Hermetic Library.",https://hermetic.com/jwmt/v1n3/treeoflife,,,Path 16,path,Path 16 on the Tree of Life in the Golden Dawn / 777-style path scheme.,Topaz,stone,,Vav|ו,,stone_of,Stone,Path correspondences chart,,0.9,paths,
golden_dawn_777_starter,Golden Dawn / Crowley 777 Starter,"Starter dataset grounded in Golden Dawn style Tree of Life correspondences, Hermetic Library summaries, and a small number of clearly marked editorial rollups for practical planet lookups.",JWMT Tree,The Tree of Life: Filing Cabinet of the Western Mystery Tradition and Methods to Recall the Information,Hermetic Library web text,,"Samuel Scarborough, ""The Tree of Life: Filing Cabinet of the Western Mystery Tradition and Methods to Recall the Information,"" Journal of the Western Mystery Tradition / Hermetic Library.",https://hermetic.com/jwmt/v1n3/treeoflife,,,Path 16,path,Path 16 on the Tree of Life in the Golden Dawn / 777-style path scheme.,Storax,perfume,,Vav|ו,,perfume_of,Perfume,Path correspondences chart,Listed as scent in the source page.,0.9,paths,
golden_dawn_777_starter,Golden Dawn / Crowley 777 Starter,"Starter dataset grounded in Golden Dawn style Tree of Life correspondences, Hermetic Library summaries, and a small number of clearly marked editorial rollups for practical planet lookups.",JWMT Tree,The Tree of Life: Filing Cabinet of the Western Mystery Tradition and Methods to Recall the Information,Hermetic Library web text,,"Samuel Scarborough, ""The Tree of Life: Filing Cabinet of the Western Mystery Tradition and Methods to Recall the Information,"" Journal of the Western Mystery Tradition / Hermetic Library.",https://hermetic.com/jwmt/v1n3/treeoflife,,,Path 16,path,Path 16 on the Tree of Life in the Golden Dawn / 777-style path scheme.,Preperations [sic],tool,,Vav|ו,Preparations,tool_of,Tool,Path correspondences chart,,0.9,paths,
golden_dawn_777_starter,Golden Dawn / Crowley 777 Starter,"Starter dataset grounded in Golden Dawn style Tree of Life correspondences, Hermetic Library summaries, and a small number of clearly marked editorial rollups for practical planet lookups.",JWMT Tree,The Tree of Life: Filing Cabinet of the Western Mystery Tradition and Methods to Recall the Information,Hermetic Library web text,,"Samuel Scarborough, ""The Tree of Life: Filing Cabinet of the Western Mystery Tradition and Methods to Recall the Information,"" Journal of the Western Mystery Tradition / Hermetic Library.",https://hermetic.com/jwmt/v1n3/treeoflife,,,Path 17,path,Path 17 on the Tree of Life in the Golden Dawn / 777-style path scheme.,Zayin,hebrew_letter,,Zayin|ז,ז,hebrew_letter_of,Hebrew Letter,Tarot placement chart,,0.95,paths,
golden_dawn_777_starter,Golden Dawn / Crowley 777 Starter,"Starter dataset grounded in Golden Dawn style Tree of Life correspondences, Hermetic Library summaries, and a small number of clearly marked editorial rollups for practical planet lookups.",JWMT Tree,The Tree of Life: Filing Cabinet of the Western Mystery Tradition and Methods to Recall the Information,Hermetic Library web text,,"Samuel Scarborough, ""The Tree of Life: Filing Cabinet of the Western Mystery Tradition and Methods to Recall the Information,"" Journal of the Western Mystery Tradition / Hermetic Library.",https://hermetic.com/jwmt/v1n3/treeoflife,,,Path 17,path,Path 17 on the Tree of Life in the Golden Dawn / 777-style path scheme.,The Lovers,tarot,,Zayin|ז,,tarot_attribution,Tarot,Tarot placement chart,,0.95,paths,
golden_dawn_777_starter,Golden Dawn / Crowley 777 Starter,"Starter dataset grounded in Golden Dawn style Tree of Life correspondences, Hermetic Library summaries, and a small number of clearly marked editorial rollups for practical planet lookups.",JWMT Tree,The Tree of Life: Filing Cabinet of the Western Mystery Tradition and Methods to Recall the Information,Hermetic Library web text,,"Samuel Scarborough, ""The Tree of Life: Filing Cabinet of the Western Mystery Tradition and Methods to Recall the Information,"" Journal of the Western Mystery Tradition / Hermetic Library.",https://hermetic.com/jwmt/v1n3/treeoflife,,,Path 17,path,Path 17 on the Tree of Life in the Golden Dawn / 777-style path scheme.,Orange,color,Golden Dawn King Scale color.,Zayin|ז,,color_of,Color,Tarot placement chart,,0.95,paths,
golden_dawn_777_starter,Golden Dawn / Crowley 777 Starter,"Starter dataset grounded in Golden Dawn style Tree of Life correspondences, Hermetic Library summaries, and a small number of clearly marked editorial rollups for practical planet lookups.",JWMT Tree,The Tree of Life: Filing Cabinet of the Western Mystery Tradition and Methods to Recall the Information,Hermetic Library web text,,"Samuel Scarborough, ""The Tree of Life: Filing Cabinet of the Western Mystery Tradition and Methods to Recall the Information,"" Journal of the Western Mystery Tradition / Hermetic Library.",https://hermetic.com/jwmt/v1n3/treeoflife,,,Path 17,path,Path 17 on the Tree of Life in the Golden Dawn / 777-style path scheme.,Gemini,zodiac_sign,,Zayin|ז,,astrological_attribution,Astrology,Path correspondences chart,,0.95,paths,
golden_dawn_777_starter,Golden Dawn / Crowley 777 Starter,"Starter dataset grounded in Golden Dawn style Tree of Life correspondences, Hermetic Library summaries, and a small number of clearly marked editorial rollups for practical planet lookups.",JWMT Tree,The Tree of Life: Filing Cabinet of the Western Mystery Tradition and Methods to Recall the Information,Hermetic Library web text,,"Samuel Scarborough, ""The Tree of Life: Filing Cabinet of the Western Mystery Tradition and Methods to Recall the Information,"" Journal of the Western Mystery Tradition / Hermetic Library.",https://hermetic.com/jwmt/v1n3/treeoflife,,,Path 17,path,Path 17 on the Tree of Life in the Golden Dawn / 777-style path scheme.,Orchid,plant,,Zayin|ז,,plant_of,Plant,Path correspondences chart,,0.9,paths,
golden_dawn_777_starter,Golden Dawn / Crowley 777 Starter,"Starter dataset grounded in Golden Dawn style Tree of Life correspondences, Hermetic Library summaries, and a small number of clearly marked editorial rollups for practical planet lookups.",JWMT Tree,The Tree of Life: Filing Cabinet of the Western Mystery Tradition and Methods to Recall the Information,Hermetic Library web text,,"Samuel Scarborough, ""The Tree of Life: Filing Cabinet of the Western Mystery Tradition and Methods to Recall the Information,"" Journal of the Western Mystery Tradition / Hermetic Library.",https://hermetic.com/jwmt/v1n3/treeoflife,,,Path 17,path,Path 17 on the Tree of Life in the Golden Dawn / 777-style path scheme.,Alexandrite,stone,,Zayin|ז,,stone_of,Stone,Path correspondences chart,,0.9,paths,
golden_dawn_777_starter,Golden Dawn / Crowley 777 Starter,"Starter dataset grounded in Golden Dawn style Tree of Life correspondences, Hermetic Library summaries, and a small number of clearly marked editorial rollups for practical planet lookups.",JWMT Tree,The Tree of Life: Filing Cabinet of the Western Mystery Tradition and Methods to Recall the Information,Hermetic Library web text,,"Samuel Scarborough, ""The Tree of Life: Filing Cabinet of the Western Mystery Tradition and Methods to Recall the Information,"" Journal of the Western Mystery Tradition / Hermetic Library.",https://hermetic.com/jwmt/v1n3/treeoflife,,,Path 17,path,Path 17 on the Tree of Life in the Golden Dawn / 777-style path scheme.,Woormwood [sic],perfume,,Zayin|ז,Wormwood,perfume_of,Perfume,Path correspondences chart,Listed as scent in the source page.,0.9,paths,
golden_dawn_777_starter,Golden Dawn / Crowley 777 Starter,"Starter dataset grounded in Golden Dawn style Tree of Life correspondences, Hermetic Library summaries, and a small number of clearly marked editorial rollups for practical planet lookups.",JWMT Tree,The Tree of Life: Filing Cabinet of the Western Mystery Tradition and Methods to Recall the Information,Hermetic Library web text,,"Samuel Scarborough, ""The Tree of Life: Filing Cabinet of the Western Mystery Tradition and Methods to Recall the Information,"" Journal of the Western Mystery Tradition / Hermetic Library.",https://hermetic.com/jwmt/v1n3/treeoflife,,,Path 17,path,Path 17 on the Tree of Life in the Golden Dawn / 777-style path scheme.,Tripod,tool,,Zayin|ז,,tool_of,Tool,Path correspondences chart,,0.9,paths,
golden_dawn_777_starter,Golden Dawn / Crowley 777 Starter,"Starter dataset grounded in Golden Dawn style Tree of Life correspondences, Hermetic Library summaries, and a small number of clearly marked editorial rollups for practical planet lookups.",JWMT Tree,The Tree of Life: Filing Cabinet of the Western Mystery Tradition and Methods to Recall the Information,Hermetic Library web text,,"Samuel Scarborough, ""The Tree of Life: Filing Cabinet of the Western Mystery Tradition and Methods to Recall the Information,"" Journal of the Western Mystery Tradition / Hermetic Library.",https://hermetic.com/jwmt/v1n3/treeoflife,,,Path 18,path,Path 18 on the Tree of Life in the Golden Dawn / 777-style path scheme.,Cheth,hebrew_letter,,Cheth|ח,ח,hebrew_letter_of,Hebrew Letter,Tarot placement chart,,0.95,paths,
golden_dawn_777_starter,Golden Dawn / Crowley 777 Starter,"Starter dataset grounded in Golden Dawn style Tree of Life correspondences, Hermetic Library summaries, and a small number of clearly marked editorial rollups for practical planet lookups.",JWMT Tree,The Tree of Life: Filing Cabinet of the Western Mystery Tradition and Methods to Recall the Information,Hermetic Library web text,,"Samuel Scarborough, ""The Tree of Life: Filing Cabinet of the Western Mystery Tradition and Methods to Recall the Information,"" Journal of the Western Mystery Tradition / Hermetic Library.",https://hermetic.com/jwmt/v1n3/treeoflife,,,Path 18,path,Path 18 on the Tree of Life in the Golden Dawn / 777-style path scheme.,The Chariot,tarot,,Cheth|ח,,tarot_attribution,Tarot,Tarot placement chart,,0.95,paths,
golden_dawn_777_starter,Golden Dawn / Crowley 777 Starter,"Starter dataset grounded in Golden Dawn style Tree of Life correspondences, Hermetic Library summaries, and a small number of clearly marked editorial rollups for practical planet lookups.",JWMT Tree,The Tree of Life: Filing Cabinet of the Western Mystery Tradition and Methods to Recall the Information,Hermetic Library web text,,"Samuel Scarborough, ""The Tree of Life: Filing Cabinet of the Western Mystery Tradition and Methods to Recall the Information,"" Journal of the Western Mystery Tradition / Hermetic Library.",https://hermetic.com/jwmt/v1n3/treeoflife,,,Path 18,path,Path 18 on the Tree of Life in the Golden Dawn / 777-style path scheme.,Amber,color,Golden Dawn King Scale color.,Cheth|ח,,color_of,Color,Tarot placement chart,,0.95,paths,
golden_dawn_777_starter,Golden Dawn / Crowley 777 Starter,"Starter dataset grounded in Golden Dawn style Tree of Life correspondences, Hermetic Library summaries, and a small number of clearly marked editorial rollups for practical planet lookups.",JWMT Tree,The Tree of Life: Filing Cabinet of the Western Mystery Tradition and Methods to Recall the Information,Hermetic Library web text,,"Samuel Scarborough, ""The Tree of Life: Filing Cabinet of the Western Mystery Tradition and Methods to Recall the Information,"" Journal of the Western Mystery Tradition / Hermetic Library.",https://hermetic.com/jwmt/v1n3/treeoflife,,,Path 18,path,Path 18 on the Tree of Life in the Golden Dawn / 777-style path scheme.,Cancer,zodiac_sign,,Cheth|ח,,astrological_attribution,Astrology,Path correspondences chart,,0.95,paths,
golden_dawn_777_starter,Golden Dawn / Crowley 777 Starter,"Starter dataset grounded in Golden Dawn style Tree of Life correspondences, Hermetic Library summaries, and a small number of clearly marked editorial rollups for practical planet lookups.",JWMT Tree,The Tree of Life: Filing Cabinet of the Western Mystery Tradition and Methods to Recall the Information,Hermetic Library web text,,"Samuel Scarborough, ""The Tree of Life: Filing Cabinet of the Western Mystery Tradition and Methods to Recall the Information,"" Journal of the Western Mystery Tradition / Hermetic Library.",https://hermetic.com/jwmt/v1n3/treeoflife,,,Path 18,path,Path 18 on the Tree of Life in the Golden Dawn / 777-style path scheme.,Lotus,plant,,Cheth|ח,,plant_of,Plant,Path correspondences chart,,0.9,paths,
golden_dawn_777_starter,Golden Dawn / Crowley 777 Starter,"Starter dataset grounded in Golden Dawn style Tree of Life correspondences, Hermetic Library summaries, and a small number of clearly marked editorial rollups for practical planet lookups.",JWMT Tree,The Tree of Life: Filing Cabinet of the Western Mystery Tradition and Methods to Recall the Information,Hermetic Library web text,,"Samuel Scarborough, ""The Tree of Life: Filing Cabinet of the Western Mystery Tradition and Methods to Recall the Information,"" Journal of the Western Mystery Tradition / Hermetic Library.",https://hermetic.com/jwmt/v1n3/treeoflife,,,Path 18,path,Path 18 on the Tree of Life in the Golden Dawn / 777-style path scheme.,Amber,stone,,Cheth|ח,,stone_of,Stone,Path correspondences chart,,0.9,paths,
golden_dawn_777_starter,Golden Dawn / Crowley 777 Starter,"Starter dataset grounded in Golden Dawn style Tree of Life correspondences, Hermetic Library summaries, and a small number of clearly marked editorial rollups for practical planet lookups.",JWMT Tree,The Tree of Life: Filing Cabinet of the Western Mystery Tradition and Methods to Recall the Information,Hermetic Library web text,,"Samuel Scarborough, ""The Tree of Life: Filing Cabinet of the Western Mystery Tradition and Methods to Recall the Information,"" Journal of the Western Mystery Tradition / Hermetic Library.",https://hermetic.com/jwmt/v1n3/treeoflife,,,Path 18,path,Path 18 on the Tree of Life in the Golden Dawn / 777-style path scheme.,Onycha,perfume,,Cheth|ח,,perfume_of,Perfume,Path correspondences chart,Listed as scent in the source page.,0.9,paths,
golden_dawn_777_starter,Golden Dawn / Crowley 777 Starter,"Starter dataset grounded in Golden Dawn style Tree of Life correspondences, Hermetic Library summaries, and a small number of clearly marked editorial rollups for practical planet lookups.",JWMT Tree,The Tree of Life: Filing Cabinet of the Western Mystery Tradition and Methods to Recall the Information,Hermetic Library web text,,"Samuel Scarborough, ""The Tree of Life: Filing Cabinet of the Western Mystery Tradition and Methods to Recall the Information,"" Journal of the Western Mystery Tradition / Hermetic Library.",https://hermetic.com/jwmt/v1n3/treeoflife,,,Path 18,path,Path 18 on the Tree of Life in the Golden Dawn / 777-style path scheme.,Furnace,tool,,Cheth|ח,,tool_of,Tool,Path correspondences chart,,0.9,paths,
golden_dawn_777_starter,Golden Dawn / Crowley 777 Starter,"Starter dataset grounded in Golden Dawn style Tree of Life correspondences, Hermetic Library summaries, and a small number of clearly marked editorial rollups for practical planet lookups.",JWMT Tree,The Tree of Life: Filing Cabinet of the Western Mystery Tradition and Methods to Recall the Information,Hermetic Library web text,,"Samuel Scarborough, ""The Tree of Life: Filing Cabinet of the Western Mystery Tradition and Methods to Recall the Information,"" Journal of the Western Mystery Tradition / Hermetic Library.",https://hermetic.com/jwmt/v1n3/treeoflife,,,Path 19,path,Path 19 on the Tree of Life in the Golden Dawn / 777-style path scheme.,Teth,hebrew_letter,,Teth|ט,ט,hebrew_letter_of,Hebrew Letter,Tarot placement chart,,0.95,paths,
golden_dawn_777_starter,Golden Dawn / Crowley 777 Starter,"Starter dataset grounded in Golden Dawn style Tree of Life correspondences, Hermetic Library summaries, and a small number of clearly marked editorial rollups for practical planet lookups.",JWMT Tree,The Tree of Life: Filing Cabinet of the Western Mystery Tradition and Methods to Recall the Information,Hermetic Library web text,,"Samuel Scarborough, ""The Tree of Life: Filing Cabinet of the Western Mystery Tradition and Methods to Recall the Information,"" Journal of the Western Mystery Tradition / Hermetic Library.",https://hermetic.com/jwmt/v1n3/treeoflife,,,Path 19,path,Path 19 on the Tree of Life in the Golden Dawn / 777-style path scheme.,Strength,tarot,,Teth|ט,,tarot_attribution,Tarot,Tarot placement chart,,0.95,paths,
golden_dawn_777_starter,Golden Dawn / Crowley 777 Starter,"Starter dataset grounded in Golden Dawn style Tree of Life correspondences, Hermetic Library summaries, and a small number of clearly marked editorial rollups for practical planet lookups.",JWMT Tree,The Tree of Life: Filing Cabinet of the Western Mystery Tradition and Methods to Recall the Information,Hermetic Library web text,,"Samuel Scarborough, ""The Tree of Life: Filing Cabinet of the Western Mystery Tradition and Methods to Recall the Information,"" Journal of the Western Mystery Tradition / Hermetic Library.",https://hermetic.com/jwmt/v1n3/treeoflife,,,Path 19,path,Path 19 on the Tree of Life in the Golden Dawn / 777-style path scheme.,Yellow-Green,color,Golden Dawn King Scale color.,Teth|ט,,color_of,Color,Tarot placement chart,,0.95,paths,
golden_dawn_777_starter,Golden Dawn / Crowley 777 Starter,"Starter dataset grounded in Golden Dawn style Tree of Life correspondences, Hermetic Library summaries, and a small number of clearly marked editorial rollups for practical planet lookups.",JWMT Tree,The Tree of Life: Filing Cabinet of the Western Mystery Tradition and Methods to Recall the Information,Hermetic Library web text,,"Samuel Scarborough, ""The Tree of Life: Filing Cabinet of the Western Mystery Tradition and Methods to Recall the Information,"" Journal of the Western Mystery Tradition / Hermetic Library.",https://hermetic.com/jwmt/v1n3/treeoflife,,,Path 19,path,Path 19 on the Tree of Life in the Golden Dawn / 777-style path scheme.,Leo,zodiac_sign,,Teth|ט,,astrological_attribution,Astrology,Path correspondences chart,,0.95,paths,
golden_dawn_777_starter,Golden Dawn / Crowley 777 Starter,"Starter dataset grounded in Golden Dawn style Tree of Life correspondences, Hermetic Library summaries, and a small number of clearly marked editorial rollups for practical planet lookups.",JWMT Tree,The Tree of Life: Filing Cabinet of the Western Mystery Tradition and Methods to Recall the Information,Hermetic Library web text,,"Samuel Scarborough, ""The Tree of Life: Filing Cabinet of the Western Mystery Tradition and Methods to Recall the Information,"" Journal of the Western Mystery Tradition / Hermetic Library.",https://hermetic.com/jwmt/v1n3/treeoflife,,,Path 19,path,Path 19 on the Tree of Life in the Golden Dawn / 777-style path scheme.,Sunflower,plant,,Teth|ט,,plant_of,Plant,Path correspondences chart,,0.9,paths,
golden_dawn_777_starter,Golden Dawn / Crowley 777 Starter,"Starter dataset grounded in Golden Dawn style Tree of Life correspondences, Hermetic Library summaries, and a small number of clearly marked editorial rollups for practical planet lookups.",JWMT Tree,The Tree of Life: Filing Cabinet of the Western Mystery Tradition and Methods to Recall the Information,Hermetic Library web text,,"Samuel Scarborough, ""The Tree of Life: Filing Cabinet of the Western Mystery Tradition and Methods to Recall the Information,"" Journal of the Western Mystery Tradition / Hermetic Library.",https://hermetic.com/jwmt/v1n3/treeoflife,,,Path 19,path,Path 19 on the Tree of Life in the Golden Dawn / 777-style path scheme.,Cat's Eye,stone,,Teth|ט,,stone_of,Stone,Path correspondences chart,,0.9,paths,
golden_dawn_777_starter,Golden Dawn / Crowley 777 Starter,"Starter dataset grounded in Golden Dawn style Tree of Life correspondences, Hermetic Library summaries, and a small number of clearly marked editorial rollups for practical planet lookups.",JWMT Tree,The Tree of Life: Filing Cabinet of the Western Mystery Tradition and Methods to Recall the Information,Hermetic Library web text,,"Samuel Scarborough, ""The Tree of Life: Filing Cabinet of the Western Mystery Tradition and Methods to Recall the Information,"" Journal of the Western Mystery Tradition / Hermetic Library.",https://hermetic.com/jwmt/v1n3/treeoflife,,,Path 19,path,Path 19 on the Tree of Life in the Golden Dawn / 777-style path scheme.,Olibanum,perfume,,Teth|ט,,perfume_of,Perfume,Path correspondences chart,Listed as scent in the source page.,0.9,paths,
golden_dawn_777_starter,Golden Dawn / Crowley 777 Starter,"Starter dataset grounded in Golden Dawn style Tree of Life correspondences, Hermetic Library summaries, and a small number of clearly marked editorial rollups for practical planet lookups.",JWMT Tree,The Tree of Life: Filing Cabinet of the Western Mystery Tradition and Methods to Recall the Information,Hermetic Library web text,,"Samuel Scarborough, ""The Tree of Life: Filing Cabinet of the Western Mystery Tradition and Methods to Recall the Information,"" Journal of the Western Mystery Tradition / Hermetic Library.",https://hermetic.com/jwmt/v1n3/treeoflife,,,Path 19,path,Path 19 on the Tree of Life in the Golden Dawn / 777-style path scheme.,Disciplines,tool,,Teth|ט,,tool_of,Tool,Path correspondences chart,,0.9,paths,
golden_dawn_777_starter,Golden Dawn / Crowley 777 Starter,"Starter dataset grounded in Golden Dawn style Tree of Life correspondences, Hermetic Library summaries, and a small number of clearly marked editorial rollups for practical planet lookups.",JWMT Tree,The Tree of Life: Filing Cabinet of the Western Mystery Tradition and Methods to Recall the Information,Hermetic Library web text,,"Samuel Scarborough, ""The Tree of Life: Filing Cabinet of the Western Mystery Tradition and Methods to Recall the Information,"" Journal of the Western Mystery Tradition / Hermetic Library.",https://hermetic.com/jwmt/v1n3/treeoflife,,,Path 20,path,Path 20 on the Tree of Life in the Golden Dawn / 777-style path scheme.,Yod,hebrew_letter,,Yod|י,י,hebrew_letter_of,Hebrew Letter,Tarot placement chart,,0.95,paths,
golden_dawn_777_starter,Golden Dawn / Crowley 777 Starter,"Starter dataset grounded in Golden Dawn style Tree of Life correspondences, Hermetic Library summaries, and a small number of clearly marked editorial rollups for practical planet lookups.",JWMT Tree,The Tree of Life: Filing Cabinet of the Western Mystery Tradition and Methods to Recall the Information,Hermetic Library web text,,"Samuel Scarborough, ""The Tree of Life: Filing Cabinet of the Western Mystery Tradition and Methods to Recall the Information,"" Journal of the Western Mystery Tradition / Hermetic Library.",https://hermetic.com/jwmt/v1n3/treeoflife,,,Path 20,path,Path 20 on the Tree of Life in the Golden Dawn / 777-style path scheme.,The Hermit,tarot,,Yod|י,,tarot_attribution,Tarot,Tarot placement chart,,0.95,paths,
golden_dawn_777_starter,Golden Dawn / Crowley 777 Starter,"Starter dataset grounded in Golden Dawn style Tree of Life correspondences, Hermetic Library summaries, and a small number of clearly marked editorial rollups for practical planet lookups.",JWMT Tree,The Tree of Life: Filing Cabinet of the Western Mystery Tradition and Methods to Recall the Information,Hermetic Library web text,,"Samuel Scarborough, ""The Tree of Life: Filing Cabinet of the Western Mystery Tradition and Methods to Recall the Information,"" Journal of the Western Mystery Tradition / Hermetic Library.",https://hermetic.com/jwmt/v1n3/treeoflife,,,Path 20,path,Path 20 on the Tree of Life in the Golden Dawn / 777-style path scheme.,Green-Yellow,color,Golden Dawn King Scale color.,Yod|י,,color_of,Color,Tarot placement chart,,0.95,paths,
golden_dawn_777_starter,Golden Dawn / Crowley 777 Starter,"Starter dataset grounded in Golden Dawn style Tree of Life correspondences, Hermetic Library summaries, and a small number of clearly marked editorial rollups for practical planet lookups.",JWMT Tree,The Tree of Life: Filing Cabinet of the Western Mystery Tradition and Methods to Recall the Information,Hermetic Library web text,,"Samuel Scarborough, ""The Tree of Life: Filing Cabinet of the Western Mystery Tradition and Methods to Recall the Information,"" Journal of the Western Mystery Tradition / Hermetic Library.",https://hermetic.com/jwmt/v1n3/treeoflife,,,Path 20,path,Path 20 on the Tree of Life in the Golden Dawn / 777-style path scheme.,Virgo,zodiac_sign,,Yod|י,,astrological_attribution,Astrology,Path correspondences chart,,0.95,paths,
golden_dawn_777_starter,Golden Dawn / Crowley 777 Starter,"Starter dataset grounded in Golden Dawn style Tree of Life correspondences, Hermetic Library summaries, and a small number of clearly marked editorial rollups for practical planet lookups.",JWMT Tree,The Tree of Life: Filing Cabinet of the Western Mystery Tradition and Methods to Recall the Information,Hermetic Library web text,,"Samuel Scarborough, ""The Tree of Life: Filing Cabinet of the Western Mystery Tradition and Methods to Recall the Information,"" Journal of the Western Mystery Tradition / Hermetic Library.",https://hermetic.com/jwmt/v1n3/treeoflife,,,Path 20,path,Path 20 on the Tree of Life in the Golden Dawn / 777-style path scheme.,Snowpop [sic],plant,,Yod|י,,plant_of,Plant,Path correspondences chart,,0.9,paths,
golden_dawn_777_starter,Golden Dawn / Crowley 777 Starter,"Starter dataset grounded in Golden Dawn style Tree of Life correspondences, Hermetic Library summaries, and a small number of clearly marked editorial rollups for practical planet lookups.",JWMT Tree,The Tree of Life: Filing Cabinet of the Western Mystery Tradition and Methods to Recall the Information,Hermetic Library web text,,"Samuel Scarborough, ""The Tree of Life: Filing Cabinet of the Western Mystery Tradition and Methods to Recall the Information,"" Journal of the Western Mystery Tradition / Hermetic Library.",https://hermetic.com/jwmt/v1n3/treeoflife,,,Path 20,path,Path 20 on the Tree of Life in the Golden Dawn / 777-style path scheme.,Peridot,stone,,Yod|י,,stone_of,Stone,Path correspondences chart,,0.9,paths,
golden_dawn_777_starter,Golden Dawn / Crowley 777 Starter,"Starter dataset grounded in Golden Dawn style Tree of Life correspondences, Hermetic Library summaries, and a small number of clearly marked editorial rollups for practical planet lookups.",JWMT Tree,The Tree of Life: Filing Cabinet of the Western Mystery Tradition and Methods to Recall the Information,Hermetic Library web text,,"Samuel Scarborough, ""The Tree of Life: Filing Cabinet of the Western Mystery Tradition and Methods to Recall the Information,"" Journal of the Western Mystery Tradition / Hermetic Library.",https://hermetic.com/jwmt/v1n3/treeoflife,,,Path 20,path,Path 20 on the Tree of Life in the Golden Dawn / 777-style path scheme.,Narcissus,perfume,,Yod|י,,perfume_of,Perfume,Path correspondences chart,Listed as scent in the source page.,0.9,paths,
golden_dawn_777_starter,Golden Dawn / Crowley 777 Starter,"Starter dataset grounded in Golden Dawn style Tree of Life correspondences, Hermetic Library summaries, and a small number of clearly marked editorial rollups for practical planet lookups.",JWMT Tree,The Tree of Life: Filing Cabinet of the Western Mystery Tradition and Methods to Recall the Information,Hermetic Library web text,,"Samuel Scarborough, ""The Tree of Life: Filing Cabinet of the Western Mystery Tradition and Methods to Recall the Information,"" Journal of the Western Mystery Tradition / Hermetic Library.",https://hermetic.com/jwmt/v1n3/treeoflife,,,Path 20,path,Path 20 on the Tree of Life in the Golden Dawn / 777-style path scheme.,Lamp & Wand,tool,,Yod|י,,tool_of,Tool,Path correspondences chart,,0.9,paths,
golden_dawn_777_starter,Golden Dawn / Crowley 777 Starter,"Starter dataset grounded in Golden Dawn style Tree of Life correspondences, Hermetic Library summaries, and a small number of clearly marked editorial rollups for practical planet lookups.",JWMT Tree,The Tree of Life: Filing Cabinet of the Western Mystery Tradition and Methods to Recall the Information,Hermetic Library web text,,"Samuel Scarborough, ""The Tree of Life: Filing Cabinet of the Western Mystery Tradition and Methods to Recall the Information,"" Journal of the Western Mystery Tradition / Hermetic Library.",https://hermetic.com/jwmt/v1n3/treeoflife,,,Path 21,path,Path 21 on the Tree of Life in the Golden Dawn / 777-style path scheme.,Kaph,hebrew_letter,,Kaph|כ,כ,hebrew_letter_of,Hebrew Letter,Tarot placement chart,,0.95,paths,
golden_dawn_777_starter,Golden Dawn / Crowley 777 Starter,"Starter dataset grounded in Golden Dawn style Tree of Life correspondences, Hermetic Library summaries, and a small number of clearly marked editorial rollups for practical planet lookups.",JWMT Tree,The Tree of Life: Filing Cabinet of the Western Mystery Tradition and Methods to Recall the Information,Hermetic Library web text,,"Samuel Scarborough, ""The Tree of Life: Filing Cabinet of the Western Mystery Tradition and Methods to Recall the Information,"" Journal of the Western Mystery Tradition / Hermetic Library.",https://hermetic.com/jwmt/v1n3/treeoflife,,,Path 21,path,Path 21 on the Tree of Life in the Golden Dawn / 777-style path scheme.,Wheel of Fortune,tarot,,Kaph|כ,,tarot_attribution,Tarot,Tarot placement chart,,0.95,paths,
golden_dawn_777_starter,Golden Dawn / Crowley 777 Starter,"Starter dataset grounded in Golden Dawn style Tree of Life correspondences, Hermetic Library summaries, and a small number of clearly marked editorial rollups for practical planet lookups.",JWMT Tree,The Tree of Life: Filing Cabinet of the Western Mystery Tradition and Methods to Recall the Information,Hermetic Library web text,,"Samuel Scarborough, ""The Tree of Life: Filing Cabinet of the Western Mystery Tradition and Methods to Recall the Information,"" Journal of the Western Mystery Tradition / Hermetic Library.",https://hermetic.com/jwmt/v1n3/treeoflife,,,Path 21,path,Path 21 on the Tree of Life in the Golden Dawn / 777-style path scheme.,Violet,color,Golden Dawn King Scale color.,Kaph|כ,,color_of,Color,Tarot placement chart,,0.95,paths,
golden_dawn_777_starter,Golden Dawn / Crowley 777 Starter,"Starter dataset grounded in Golden Dawn style Tree of Life correspondences, Hermetic Library summaries, and a small number of clearly marked editorial rollups for practical planet lookups.",JWMT Tree,The Tree of Life: Filing Cabinet of the Western Mystery Tradition and Methods to Recall the Information,Hermetic Library web text,,"Samuel Scarborough, ""The Tree of Life: Filing Cabinet of the Western Mystery Tradition and Methods to Recall the Information,"" Journal of the Western Mystery Tradition / Hermetic Library.",https://hermetic.com/jwmt/v1n3/treeoflife,,,Path 21,path,Path 21 on the Tree of Life in the Golden Dawn / 777-style path scheme.,Jupiter,planet,,Kaph|כ,,astrological_attribution,Astrology,Path correspondences chart,,0.95,paths,
golden_dawn_777_starter,Golden Dawn / Crowley 777 Starter,"Starter dataset grounded in Golden Dawn style Tree of Life correspondences, Hermetic Library summaries, and a small number of clearly marked editorial rollups for practical planet lookups.",JWMT Tree,The Tree of Life: Filing Cabinet of the Western Mystery Tradition and Methods to Recall the Information,Hermetic Library web text,,"Samuel Scarborough, ""The Tree of Life: Filing Cabinet of the Western Mystery Tradition and Methods to Recall the Information,"" Journal of the Western Mystery Tradition / Hermetic Library.",https://hermetic.com/jwmt/v1n3/treeoflife,,,Path 21,path,Path 21 on the Tree of Life in the Golden Dawn / 777-style path scheme.,Hyssop,plant,,Kaph|כ,,plant_of,Plant,Path correspondences chart,,0.9,paths,
golden_dawn_777_starter,Golden Dawn / Crowley 777 Starter,"Starter dataset grounded in Golden Dawn style Tree of Life correspondences, Hermetic Library summaries, and a small number of clearly marked editorial rollups for practical planet lookups.",JWMT Tree,The Tree of Life: Filing Cabinet of the Western Mystery Tradition and Methods to Recall the Information,Hermetic Library web text,,"Samuel Scarborough, ""The Tree of Life: Filing Cabinet of the Western Mystery Tradition and Methods to Recall the Information,"" Journal of the Western Mystery Tradition / Hermetic Library.",https://hermetic.com/jwmt/v1n3/treeoflife,,,Path 21,path,Path 21 on the Tree of Life in the Golden Dawn / 777-style path scheme.,Amethyst,stone,,Kaph|כ,,stone_of,Stone,Path correspondences chart,,0.9,paths,
golden_dawn_777_starter,Golden Dawn / Crowley 777 Starter,"Starter dataset grounded in Golden Dawn style Tree of Life correspondences, Hermetic Library summaries, and a small number of clearly marked editorial rollups for practical planet lookups.",JWMT Tree,The Tree of Life: Filing Cabinet of the Western Mystery Tradition and Methods to Recall the Information,Hermetic Library web text,,"Samuel Scarborough, ""The Tree of Life: Filing Cabinet of the Western Mystery Tradition and Methods to Recall the Information,"" Journal of the Western Mystery Tradition / Hermetic Library.",https://hermetic.com/jwmt/v1n3/treeoflife,,,Path 21,path,Path 21 on the Tree of Life in the Golden Dawn / 777-style path scheme.,Saffron,perfume,,Kaph|כ,,perfume_of,Perfume,Path correspondences chart,Listed as scent in the source page.,0.9,paths,
golden_dawn_777_starter,Golden Dawn / Crowley 777 Starter,"Starter dataset grounded in Golden Dawn style Tree of Life correspondences, Hermetic Library summaries, and a small number of clearly marked editorial rollups for practical planet lookups.",JWMT Tree,The Tree of Life: Filing Cabinet of the Western Mystery Tradition and Methods to Recall the Information,Hermetic Library web text,,"Samuel Scarborough, ""The Tree of Life: Filing Cabinet of the Western Mystery Tradition and Methods to Recall the Information,"" Journal of the Western Mystery Tradition / Hermetic Library.",https://hermetic.com/jwmt/v1n3/treeoflife,,,Path 21,path,Path 21 on the Tree of Life in the Golden Dawn / 777-style path scheme.,Scepter,tool,,Kaph|כ,,tool_of,Tool,Path correspondences chart,,0.9,paths,
golden_dawn_777_starter,Golden Dawn / Crowley 777 Starter,"Starter dataset grounded in Golden Dawn style Tree of Life correspondences, Hermetic Library summaries, and a small number of clearly marked editorial rollups for practical planet lookups.",JWMT Tree,The Tree of Life: Filing Cabinet of the Western Mystery Tradition and Methods to Recall the Information,Hermetic Library web text,,"Samuel Scarborough, ""The Tree of Life: Filing Cabinet of the Western Mystery Tradition and Methods to Recall the Information,"" Journal of the Western Mystery Tradition / Hermetic Library.",https://hermetic.com/jwmt/v1n3/treeoflife,,,Path 22,path,Path 22 on the Tree of Life in the Golden Dawn / 777-style path scheme.,Lamed,hebrew_letter,,Lamed|ל,ל,hebrew_letter_of,Hebrew Letter,Tarot placement chart,,0.95,paths,
golden_dawn_777_starter,Golden Dawn / Crowley 777 Starter,"Starter dataset grounded in Golden Dawn style Tree of Life correspondences, Hermetic Library summaries, and a small number of clearly marked editorial rollups for practical planet lookups.",JWMT Tree,The Tree of Life: Filing Cabinet of the Western Mystery Tradition and Methods to Recall the Information,Hermetic Library web text,,"Samuel Scarborough, ""The Tree of Life: Filing Cabinet of the Western Mystery Tradition and Methods to Recall the Information,"" Journal of the Western Mystery Tradition / Hermetic Library.",https://hermetic.com/jwmt/v1n3/treeoflife,,,Path 22,path,Path 22 on the Tree of Life in the Golden Dawn / 777-style path scheme.,Justice,tarot,,Lamed|ל,,tarot_attribution,Tarot,Tarot placement chart,,0.95,paths,
golden_dawn_777_starter,Golden Dawn / Crowley 777 Starter,"Starter dataset grounded in Golden Dawn style Tree of Life correspondences, Hermetic Library summaries, and a small number of clearly marked editorial rollups for practical planet lookups.",JWMT Tree,The Tree of Life: Filing Cabinet of the Western Mystery Tradition and Methods to Recall the Information,Hermetic Library web text,,"Samuel Scarborough, ""The Tree of Life: Filing Cabinet of the Western Mystery Tradition and Methods to Recall the Information,"" Journal of the Western Mystery Tradition / Hermetic Library.",https://hermetic.com/jwmt/v1n3/treeoflife,,,Path 22,path,Path 22 on the Tree of Life in the Golden Dawn / 777-style path scheme.,Emerald Green,color,Golden Dawn King Scale color.,Lamed|ל,,color_of,Color,Tarot placement chart,,0.95,paths,
golden_dawn_777_starter,Golden Dawn / Crowley 777 Starter,"Starter dataset grounded in Golden Dawn style Tree of Life correspondences, Hermetic Library summaries, and a small number of clearly marked editorial rollups for practical planet lookups.",JWMT Tree,The Tree of Life: Filing Cabinet of the Western Mystery Tradition and Methods to Recall the Information,Hermetic Library web text,,"Samuel Scarborough, ""The Tree of Life: Filing Cabinet of the Western Mystery Tradition and Methods to Recall the Information,"" Journal of the Western Mystery Tradition / Hermetic Library.",https://hermetic.com/jwmt/v1n3/treeoflife,,,Path 22,path,Path 22 on the Tree of Life in the Golden Dawn / 777-style path scheme.,Libra,zodiac_sign,,Lamed|ל,,astrological_attribution,Astrology,Path correspondences chart,,0.95,paths,
golden_dawn_777_starter,Golden Dawn / Crowley 777 Starter,"Starter dataset grounded in Golden Dawn style Tree of Life correspondences, Hermetic Library summaries, and a small number of clearly marked editorial rollups for practical planet lookups.",JWMT Tree,The Tree of Life: Filing Cabinet of the Western Mystery Tradition and Methods to Recall the Information,Hermetic Library web text,,"Samuel Scarborough, ""The Tree of Life: Filing Cabinet of the Western Mystery Tradition and Methods to Recall the Information,"" Journal of the Western Mystery Tradition / Hermetic Library.",https://hermetic.com/jwmt/v1n3/treeoflife,,,Path 22,path,Path 22 on the Tree of Life in the Golden Dawn / 777-style path scheme.,Aloe,plant,,Lamed|ל,,plant_of,Plant,Path correspondences chart,,0.9,paths,
golden_dawn_777_starter,Golden Dawn / Crowley 777 Starter,"Starter dataset grounded in Golden Dawn style Tree of Life correspondences, Hermetic Library summaries, and a small number of clearly marked editorial rollups for practical planet lookups.",JWMT Tree,The Tree of Life: Filing Cabinet of the Western Mystery Tradition and Methods to Recall the Information,Hermetic Library web text,,"Samuel Scarborough, ""The Tree of Life: Filing Cabinet of the Western Mystery Tradition and Methods to Recall the Information,"" Journal of the Western Mystery Tradition / Hermetic Library.",https://hermetic.com/jwmt/v1n3/treeoflife,,,Path 22,path,Path 22 on the Tree of Life in the Golden Dawn / 777-style path scheme.,Emerald,stone,,Lamed|ל,,stone_of,Stone,Path correspondences chart,,0.9,paths,
golden_dawn_777_starter,Golden Dawn / Crowley 777 Starter,"Starter dataset grounded in Golden Dawn style Tree of Life correspondences, Hermetic Library summaries, and a small number of clearly marked editorial rollups for practical planet lookups.",JWMT Tree,The Tree of Life: Filing Cabinet of the Western Mystery Tradition and Methods to Recall the Information,Hermetic Library web text,,"Samuel Scarborough, ""The Tree of Life: Filing Cabinet of the Western Mystery Tradition and Methods to Recall the Information,"" Journal of the Western Mystery Tradition / Hermetic Library.",https://hermetic.com/jwmt/v1n3/treeoflife,,,Path 22,path,Path 22 on the Tree of Life in the Golden Dawn / 777-style path scheme.,Galbanum,perfume,,Lamed|ל,,perfume_of,Perfume,Path correspondences chart,Listed as scent in the source page.,0.9,paths,
golden_dawn_777_starter,Golden Dawn / Crowley 777 Starter,"Starter dataset grounded in Golden Dawn style Tree of Life correspondences, Hermetic Library summaries, and a small number of clearly marked editorial rollups for practical planet lookups.",JWMT Tree,The Tree of Life: Filing Cabinet of the Western Mystery Tradition and Methods to Recall the Information,Hermetic Library web text,,"Samuel Scarborough, ""The Tree of Life: Filing Cabinet of the Western Mystery Tradition and Methods to Recall the Information,"" Journal of the Western Mystery Tradition / Hermetic Library.",https://hermetic.com/jwmt/v1n3/treeoflife,,,Path 22,path,Path 22 on the Tree of Life in the Golden Dawn / 777-style path scheme.,Cross of Equilibrium,tool,,Lamed|ל,,tool_of,Tool,Path correspondences chart,,0.9,paths,
golden_dawn_777_starter,Golden Dawn / Crowley 777 Starter,"Starter dataset grounded in Golden Dawn style Tree of Life correspondences, Hermetic Library summaries, and a small number of clearly marked editorial rollups for practical planet lookups.",JWMT Tree,The Tree of Life: Filing Cabinet of the Western Mystery Tradition and Methods to Recall the Information,Hermetic Library web text,,"Samuel Scarborough, ""The Tree of Life: Filing Cabinet of the Western Mystery Tradition and Methods to Recall the Information,"" Journal of the Western Mystery Tradition / Hermetic Library.",https://hermetic.com/jwmt/v1n3/treeoflife,,,Path 23,path,Path 23 on the Tree of Life in the Golden Dawn / 777-style path scheme.,Mem,hebrew_letter,,Mem|מ,מ,hebrew_letter_of,Hebrew Letter,Tarot placement chart,,0.95,paths,
golden_dawn_777_starter,Golden Dawn / Crowley 777 Starter,"Starter dataset grounded in Golden Dawn style Tree of Life correspondences, Hermetic Library summaries, and a small number of clearly marked editorial rollups for practical planet lookups.",JWMT Tree,The Tree of Life: Filing Cabinet of the Western Mystery Tradition and Methods to Recall the Information,Hermetic Library web text,,"Samuel Scarborough, ""The Tree of Life: Filing Cabinet of the Western Mystery Tradition and Methods to Recall the Information,"" Journal of the Western Mystery Tradition / Hermetic Library.",https://hermetic.com/jwmt/v1n3/treeoflife,,,Path 23,path,Path 23 on the Tree of Life in the Golden Dawn / 777-style path scheme.,The Hanged Man,tarot,,Mem|מ,,tarot_attribution,Tarot,Tarot placement chart,,0.95,paths,
golden_dawn_777_starter,Golden Dawn / Crowley 777 Starter,"Starter dataset grounded in Golden Dawn style Tree of Life correspondences, Hermetic Library summaries, and a small number of clearly marked editorial rollups for practical planet lookups.",JWMT Tree,The Tree of Life: Filing Cabinet of the Western Mystery Tradition and Methods to Recall the Information,Hermetic Library web text,,"Samuel Scarborough, ""The Tree of Life: Filing Cabinet of the Western Mystery Tradition and Methods to Recall the Information,"" Journal of the Western Mystery Tradition / Hermetic Library.",https://hermetic.com/jwmt/v1n3/treeoflife,,,Path 23,path,Path 23 on the Tree of Life in the Golden Dawn / 777-style path scheme.,Deep Blue,color,Golden Dawn King Scale color.,Mem|מ,,color_of,Color,Tarot placement chart,,0.95,paths,
golden_dawn_777_starter,Golden Dawn / Crowley 777 Starter,"Starter dataset grounded in Golden Dawn style Tree of Life correspondences, Hermetic Library summaries, and a small number of clearly marked editorial rollups for practical planet lookups.",JWMT Tree,The Tree of Life: Filing Cabinet of the Western Mystery Tradition and Methods to Recall the Information,Hermetic Library web text,,"Samuel Scarborough, ""The Tree of Life: Filing Cabinet of the Western Mystery Tradition and Methods to Recall the Information,"" Journal of the Western Mystery Tradition / Hermetic Library.",https://hermetic.com/jwmt/v1n3/treeoflife,,,Path 23,path,Path 23 on the Tree of Life in the Golden Dawn / 777-style path scheme.,Water,element,,Mem|מ,,astrological_attribution,Astrology,Path correspondences chart,,0.95,paths,
golden_dawn_777_starter,Golden Dawn / Crowley 777 Starter,"Starter dataset grounded in Golden Dawn style Tree of Life correspondences, Hermetic Library summaries, and a small number of clearly marked editorial rollups for practical planet lookups.",JWMT Tree,The Tree of Life: Filing Cabinet of the Western Mystery Tradition and Methods to Recall the Information,Hermetic Library web text,,"Samuel Scarborough, ""The Tree of Life: Filing Cabinet of the Western Mystery Tradition and Methods to Recall the Information,"" Journal of the Western Mystery Tradition / Hermetic Library.",https://hermetic.com/jwmt/v1n3/treeoflife,,,Path 23,path,Path 23 on the Tree of Life in the Golden Dawn / 777-style path scheme.,Lotus,plant,,Mem|מ,,plant_of,Plant,Path correspondences chart,,0.9,paths,
golden_dawn_777_starter,Golden Dawn / Crowley 777 Starter,"Starter dataset grounded in Golden Dawn style Tree of Life correspondences, Hermetic Library summaries, and a small number of clearly marked editorial rollups for practical planet lookups.",JWMT Tree,The Tree of Life: Filing Cabinet of the Western Mystery Tradition and Methods to Recall the Information,Hermetic Library web text,,"Samuel Scarborough, ""The Tree of Life: Filing Cabinet of the Western Mystery Tradition and Methods to Recall the Information,"" Journal of the Western Mystery Tradition / Hermetic Library.",https://hermetic.com/jwmt/v1n3/treeoflife,,,Path 23,path,Path 23 on the Tree of Life in the Golden Dawn / 777-style path scheme.,Aquamarine,stone,,Mem|מ,,stone_of,Stone,Path correspondences chart,,0.9,paths,
golden_dawn_777_starter,Golden Dawn / Crowley 777 Starter,"Starter dataset grounded in Golden Dawn style Tree of Life correspondences, Hermetic Library summaries, and a small number of clearly marked editorial rollups for practical planet lookups.",JWMT Tree,The Tree of Life: Filing Cabinet of the Western Mystery Tradition and Methods to Recall the Information,Hermetic Library web text,,"Samuel Scarborough, ""The Tree of Life: Filing Cabinet of the Western Mystery Tradition and Methods to Recall the Information,"" Journal of the Western Mystery Tradition / Hermetic Library.",https://hermetic.com/jwmt/v1n3/treeoflife,,,Path 23,path,Path 23 on the Tree of Life in the Golden Dawn / 777-style path scheme.,Onycha,perfume,,Mem|מ,,perfume_of,Perfume,Path correspondences chart,Listed as scent in the source page.,0.9,paths,
golden_dawn_777_starter,Golden Dawn / Crowley 777 Starter,"Starter dataset grounded in Golden Dawn style Tree of Life correspondences, Hermetic Library summaries, and a small number of clearly marked editorial rollups for practical planet lookups.",JWMT Tree,The Tree of Life: Filing Cabinet of the Western Mystery Tradition and Methods to Recall the Information,Hermetic Library web text,,"Samuel Scarborough, ""The Tree of Life: Filing Cabinet of the Western Mystery Tradition and Methods to Recall the Information,"" Journal of the Western Mystery Tradition / Hermetic Library.",https://hermetic.com/jwmt/v1n3/treeoflife,,,Path 23,path,Path 23 on the Tree of Life in the Golden Dawn / 777-style path scheme.,Cup & Cross,tool,,Mem|מ,,tool_of,Tool,Path correspondences chart,,0.9,paths,
golden_dawn_777_starter,Golden Dawn / Crowley 777 Starter,"Starter dataset grounded in Golden Dawn style Tree of Life correspondences, Hermetic Library summaries, and a small number of clearly marked editorial rollups for practical planet lookups.",JWMT Tree,The Tree of Life: Filing Cabinet of the Western Mystery Tradition and Methods to Recall the Information,Hermetic Library web text,,"Samuel Scarborough, ""The Tree of Life: Filing Cabinet of the Western Mystery Tradition and Methods to Recall the Information,"" Journal of the Western Mystery Tradition / Hermetic Library.",https://hermetic.com/jwmt/v1n3/treeoflife,,,Path 24,path,Path 24 on the Tree of Life in the Golden Dawn / 777-style path scheme.,Nun,hebrew_letter,,Nun|נ,נ,hebrew_letter_of,Hebrew Letter,Tarot placement chart,,0.95,paths,
golden_dawn_777_starter,Golden Dawn / Crowley 777 Starter,"Starter dataset grounded in Golden Dawn style Tree of Life correspondences, Hermetic Library summaries, and a small number of clearly marked editorial rollups for practical planet lookups.",JWMT Tree,The Tree of Life: Filing Cabinet of the Western Mystery Tradition and Methods to Recall the Information,Hermetic Library web text,,"Samuel Scarborough, ""The Tree of Life: Filing Cabinet of the Western Mystery Tradition and Methods to Recall the Information,"" Journal of the Western Mystery Tradition / Hermetic Library.",https://hermetic.com/jwmt/v1n3/treeoflife,,,Path 24,path,Path 24 on the Tree of Life in the Golden Dawn / 777-style path scheme.,Death,tarot,,Nun|נ,,tarot_attribution,Tarot,Tarot placement chart,,0.95,paths,
golden_dawn_777_starter,Golden Dawn / Crowley 777 Starter,"Starter dataset grounded in Golden Dawn style Tree of Life correspondences, Hermetic Library summaries, and a small number of clearly marked editorial rollups for practical planet lookups.",JWMT Tree,The Tree of Life: Filing Cabinet of the Western Mystery Tradition and Methods to Recall the Information,Hermetic Library web text,,"Samuel Scarborough, ""The Tree of Life: Filing Cabinet of the Western Mystery Tradition and Methods to Recall the Information,"" Journal of the Western Mystery Tradition / Hermetic Library.",https://hermetic.com/jwmt/v1n3/treeoflife,,,Path 24,path,Path 24 on the Tree of Life in the Golden Dawn / 777-style path scheme.,Green-Blue,color,Golden Dawn King Scale color.,Nun|נ,,color_of,Color,Tarot placement chart,,0.95,paths,
golden_dawn_777_starter,Golden Dawn / Crowley 777 Starter,"Starter dataset grounded in Golden Dawn style Tree of Life correspondences, Hermetic Library summaries, and a small number of clearly marked editorial rollups for practical planet lookups.",JWMT Tree,The Tree of Life: Filing Cabinet of the Western Mystery Tradition and Methods to Recall the Information,Hermetic Library web text,,"Samuel Scarborough, ""The Tree of Life: Filing Cabinet of the Western Mystery Tradition and Methods to Recall the Information,"" Journal of the Western Mystery Tradition / Hermetic Library.",https://hermetic.com/jwmt/v1n3/treeoflife,,,Path 24,path,Path 24 on the Tree of Life in the Golden Dawn / 777-style path scheme.,Scorpio,zodiac_sign,,Nun|נ,,astrological_attribution,Astrology,Path correspondences chart,,0.95,paths,
golden_dawn_777_starter,Golden Dawn / Crowley 777 Starter,"Starter dataset grounded in Golden Dawn style Tree of Life correspondences, Hermetic Library summaries, and a small number of clearly marked editorial rollups for practical planet lookups.",JWMT Tree,The Tree of Life: Filing Cabinet of the Western Mystery Tradition and Methods to Recall the Information,Hermetic Library web text,,"Samuel Scarborough, ""The Tree of Life: Filing Cabinet of the Western Mystery Tradition and Methods to Recall the Information,"" Journal of the Western Mystery Tradition / Hermetic Library.",https://hermetic.com/jwmt/v1n3/treeoflife,,,Path 24,path,Path 24 on the Tree of Life in the Golden Dawn / 777-style path scheme.,Cactus,plant,,Nun|נ,,plant_of,Plant,Path correspondences chart,,0.9,paths,
golden_dawn_777_starter,Golden Dawn / Crowley 777 Starter,"Starter dataset grounded in Golden Dawn style Tree of Life correspondences, Hermetic Library summaries, and a small number of clearly marked editorial rollups for practical planet lookups.",JWMT Tree,The Tree of Life: Filing Cabinet of the Western Mystery Tradition and Methods to Recall the Information,Hermetic Library web text,,"Samuel Scarborough, ""The Tree of Life: Filing Cabinet of the Western Mystery Tradition and Methods to Recall the Information,"" Journal of the Western Mystery Tradition / Hermetic Library.",https://hermetic.com/jwmt/v1n3/treeoflife,,,Path 24,path,Path 24 on the Tree of Life in the Golden Dawn / 777-style path scheme.,Snakestone,stone,,Nun|נ,,stone_of,Stone,Path correspondences chart,,0.9,paths,
golden_dawn_777_starter,Golden Dawn / Crowley 777 Starter,"Starter dataset grounded in Golden Dawn style Tree of Life correspondences, Hermetic Library summaries, and a small number of clearly marked editorial rollups for practical planet lookups.",JWMT Tree,The Tree of Life: Filing Cabinet of the Western Mystery Tradition and Methods to Recall the Information,Hermetic Library web text,,"Samuel Scarborough, ""The Tree of Life: Filing Cabinet of the Western Mystery Tradition and Methods to Recall the Information,"" Journal of the Western Mystery Tradition / Hermetic Library.",https://hermetic.com/jwmt/v1n3/treeoflife,,,Path 24,path,Path 24 on the Tree of Life in the Golden Dawn / 777-style path scheme.,Benzoin,perfume,,Nun|נ,,perfume_of,Perfume,Path correspondences chart,Listed as scent in the source page.,0.9,paths,
golden_dawn_777_starter,Golden Dawn / Crowley 777 Starter,"Starter dataset grounded in Golden Dawn style Tree of Life correspondences, Hermetic Library summaries, and a small number of clearly marked editorial rollups for practical planet lookups.",JWMT Tree,The Tree of Life: Filing Cabinet of the Western Mystery Tradition and Methods to Recall the Information,Hermetic Library web text,,"Samuel Scarborough, ""The Tree of Life: Filing Cabinet of the Western Mystery Tradition and Methods to Recall the Information,"" Journal of the Western Mystery Tradition / Hermetic Library.",https://hermetic.com/jwmt/v1n3/treeoflife,,,Path 24,path,Path 24 on the Tree of Life in the Golden Dawn / 777-style path scheme.,Obligation,tool,,Nun|נ,,tool_of,Tool,Path correspondences chart,,0.9,paths,
golden_dawn_777_starter,Golden Dawn / Crowley 777 Starter,"Starter dataset grounded in Golden Dawn style Tree of Life correspondences, Hermetic Library summaries, and a small number of clearly marked editorial rollups for practical planet lookups.",JWMT Tree,The Tree of Life: Filing Cabinet of the Western Mystery Tradition and Methods to Recall the Information,Hermetic Library web text,,"Samuel Scarborough, ""The Tree of Life: Filing Cabinet of the Western Mystery Tradition and Methods to Recall the Information,"" Journal of the Western Mystery Tradition / Hermetic Library.",https://hermetic.com/jwmt/v1n3/treeoflife,,,Path 25,path,Path 25 on the Tree of Life in the Golden Dawn / 777-style path scheme.,Samekh,hebrew_letter,,Samekh|ס,ס,hebrew_letter_of,Hebrew Letter,Tarot placement chart,,0.95,paths,
golden_dawn_777_starter,Golden Dawn / Crowley 777 Starter,"Starter dataset grounded in Golden Dawn style Tree of Life correspondences, Hermetic Library summaries, and a small number of clearly marked editorial rollups for practical planet lookups.",JWMT Tree,The Tree of Life: Filing Cabinet of the Western Mystery Tradition and Methods to Recall the Information,Hermetic Library web text,,"Samuel Scarborough, ""The Tree of Life: Filing Cabinet of the Western Mystery Tradition and Methods to Recall the Information,"" Journal of the Western Mystery Tradition / Hermetic Library.",https://hermetic.com/jwmt/v1n3/treeoflife,,,Path 25,path,Path 25 on the Tree of Life in the Golden Dawn / 777-style path scheme.,Temperance,tarot,,Samekh|ס,,tarot_attribution,Tarot,Tarot placement chart,,0.95,paths,
golden_dawn_777_starter,Golden Dawn / Crowley 777 Starter,"Starter dataset grounded in Golden Dawn style Tree of Life correspondences, Hermetic Library summaries, and a small number of clearly marked editorial rollups for practical planet lookups.",JWMT Tree,The Tree of Life: Filing Cabinet of the Western Mystery Tradition and Methods to Recall the Information,Hermetic Library web text,,"Samuel Scarborough, ""The Tree of Life: Filing Cabinet of the Western Mystery Tradition and Methods to Recall the Information,"" Journal of the Western Mystery Tradition / Hermetic Library.",https://hermetic.com/jwmt/v1n3/treeoflife,,,Path 25,path,Path 25 on the Tree of Life in the Golden Dawn / 777-style path scheme.,Blue,color,Golden Dawn King Scale color.,Samekh|ס,,color_of,Color,Tarot placement chart,,0.95,paths,
golden_dawn_777_starter,Golden Dawn / Crowley 777 Starter,"Starter dataset grounded in Golden Dawn style Tree of Life correspondences, Hermetic Library summaries, and a small number of clearly marked editorial rollups for practical planet lookups.",JWMT Tree,The Tree of Life: Filing Cabinet of the Western Mystery Tradition and Methods to Recall the Information,Hermetic Library web text,,"Samuel Scarborough, ""The Tree of Life: Filing Cabinet of the Western Mystery Tradition and Methods to Recall the Information,"" Journal of the Western Mystery Tradition / Hermetic Library.",https://hermetic.com/jwmt/v1n3/treeoflife,,,Path 25,path,Path 25 on the Tree of Life in the Golden Dawn / 777-style path scheme.,Sagittarius,zodiac_sign,,Samekh|ס,,astrological_attribution,Astrology,Path correspondences chart,,0.95,paths,
golden_dawn_777_starter,Golden Dawn / Crowley 777 Starter,"Starter dataset grounded in Golden Dawn style Tree of Life correspondences, Hermetic Library summaries, and a small number of clearly marked editorial rollups for practical planet lookups.",JWMT Tree,The Tree of Life: Filing Cabinet of the Western Mystery Tradition and Methods to Recall the Information,Hermetic Library web text,,"Samuel Scarborough, ""The Tree of Life: Filing Cabinet of the Western Mystery Tradition and Methods to Recall the Information,"" Journal of the Western Mystery Tradition / Hermetic Library.",https://hermetic.com/jwmt/v1n3/treeoflife,,,Path 25,path,Path 25 on the Tree of Life in the Golden Dawn / 777-style path scheme.,Rush,plant,,Samekh|ס,,plant_of,Plant,Path correspondences chart,,0.9,paths,
golden_dawn_777_starter,Golden Dawn / Crowley 777 Starter,"Starter dataset grounded in Golden Dawn style Tree of Life correspondences, Hermetic Library summaries, and a small number of clearly marked editorial rollups for practical planet lookups.",JWMT Tree,The Tree of Life: Filing Cabinet of the Western Mystery Tradition and Methods to Recall the Information,Hermetic Library web text,,"Samuel Scarborough, ""The Tree of Life: Filing Cabinet of the Western Mystery Tradition and Methods to Recall the Information,"" Journal of the Western Mystery Tradition / Hermetic Library.",https://hermetic.com/jwmt/v1n3/treeoflife,,,Path 25,path,Path 25 on the Tree of Life in the Golden Dawn / 777-style path scheme.,Jacinth,stone,,Samekh|ס,,stone_of,Stone,Path correspondences chart,,0.9,paths,
golden_dawn_777_starter,Golden Dawn / Crowley 777 Starter,"Starter dataset grounded in Golden Dawn style Tree of Life correspondences, Hermetic Library summaries, and a small number of clearly marked editorial rollups for practical planet lookups.",JWMT Tree,The Tree of Life: Filing Cabinet of the Western Mystery Tradition and Methods to Recall the Information,Hermetic Library web text,,"Samuel Scarborough, ""The Tree of Life: Filing Cabinet of the Western Mystery Tradition and Methods to Recall the Information,"" Journal of the Western Mystery Tradition / Hermetic Library.",https://hermetic.com/jwmt/v1n3/treeoflife,,,Path 25,path,Path 25 on the Tree of Life in the Golden Dawn / 777-style path scheme.,Lignum Aloes,perfume,,Samekh|ס,,perfume_of,Perfume,Path correspondences chart,Listed as scent in the source page.,0.9,paths,
golden_dawn_777_starter,Golden Dawn / Crowley 777 Starter,"Starter dataset grounded in Golden Dawn style Tree of Life correspondences, Hermetic Library summaries, and a small number of clearly marked editorial rollups for practical planet lookups.",JWMT Tree,The Tree of Life: Filing Cabinet of the Western Mystery Tradition and Methods to Recall the Information,Hermetic Library web text,,"Samuel Scarborough, ""The Tree of Life: Filing Cabinet of the Western Mystery Tradition and Methods to Recall the Information,"" Journal of the Western Mystery Tradition / Hermetic Library.",https://hermetic.com/jwmt/v1n3/treeoflife,,,Path 25,path,Path 25 on the Tree of Life in the Golden Dawn / 777-style path scheme.,Arrow,tool,,Samekh|ס,,tool_of,Tool,Path correspondences chart,,0.9,paths,
golden_dawn_777_starter,Golden Dawn / Crowley 777 Starter,"Starter dataset grounded in Golden Dawn style Tree of Life correspondences, Hermetic Library summaries, and a small number of clearly marked editorial rollups for practical planet lookups.",JWMT Tree,The Tree of Life: Filing Cabinet of the Western Mystery Tradition and Methods to Recall the Information,Hermetic Library web text,,"Samuel Scarborough, ""The Tree of Life: Filing Cabinet of the Western Mystery Tradition and Methods to Recall the Information,"" Journal of the Western Mystery Tradition / Hermetic Library.",https://hermetic.com/jwmt/v1n3/treeoflife,,,Path 26,path,Path 26 on the Tree of Life in the Golden Dawn / 777-style path scheme.,Ayin,hebrew_letter,,Ayin|ע,ע,hebrew_letter_of,Hebrew Letter,Tarot placement chart,,0.95,paths,
golden_dawn_777_starter,Golden Dawn / Crowley 777 Starter,"Starter dataset grounded in Golden Dawn style Tree of Life correspondences, Hermetic Library summaries, and a small number of clearly marked editorial rollups for practical planet lookups.",JWMT Tree,The Tree of Life: Filing Cabinet of the Western Mystery Tradition and Methods to Recall the Information,Hermetic Library web text,,"Samuel Scarborough, ""The Tree of Life: Filing Cabinet of the Western Mystery Tradition and Methods to Recall the Information,"" Journal of the Western Mystery Tradition / Hermetic Library.",https://hermetic.com/jwmt/v1n3/treeoflife,,,Path 26,path,Path 26 on the Tree of Life in the Golden Dawn / 777-style path scheme.,The Devil,tarot,,Ayin|ע,,tarot_attribution,Tarot,Tarot placement chart,,0.95,paths,
golden_dawn_777_starter,Golden Dawn / Crowley 777 Starter,"Starter dataset grounded in Golden Dawn style Tree of Life correspondences, Hermetic Library summaries, and a small number of clearly marked editorial rollups for practical planet lookups.",JWMT Tree,The Tree of Life: Filing Cabinet of the Western Mystery Tradition and Methods to Recall the Information,Hermetic Library web text,,"Samuel Scarborough, ""The Tree of Life: Filing Cabinet of the Western Mystery Tradition and Methods to Recall the Information,"" Journal of the Western Mystery Tradition / Hermetic Library.",https://hermetic.com/jwmt/v1n3/treeoflife,,,Path 26,path,Path 26 on the Tree of Life in the Golden Dawn / 777-style path scheme.,Indigo,color,Golden Dawn King Scale color.,Ayin|ע,,color_of,Color,Tarot placement chart,,0.95,paths,
golden_dawn_777_starter,Golden Dawn / Crowley 777 Starter,"Starter dataset grounded in Golden Dawn style Tree of Life correspondences, Hermetic Library summaries, and a small number of clearly marked editorial rollups for practical planet lookups.",JWMT Tree,The Tree of Life: Filing Cabinet of the Western Mystery Tradition and Methods to Recall the Information,Hermetic Library web text,,"Samuel Scarborough, ""The Tree of Life: Filing Cabinet of the Western Mystery Tradition and Methods to Recall the Information,"" Journal of the Western Mystery Tradition / Hermetic Library.",https://hermetic.com/jwmt/v1n3/treeoflife,,,Path 26,path,Path 26 on the Tree of Life in the Golden Dawn / 777-style path scheme.,Capricorn,zodiac_sign,,Ayin|ע,,astrological_attribution,Astrology,Path correspondences chart,,0.95,paths,
golden_dawn_777_starter,Golden Dawn / Crowley 777 Starter,"Starter dataset grounded in Golden Dawn style Tree of Life correspondences, Hermetic Library summaries, and a small number of clearly marked editorial rollups for practical planet lookups.",JWMT Tree,The Tree of Life: Filing Cabinet of the Western Mystery Tradition and Methods to Recall the Information,Hermetic Library web text,,"Samuel Scarborough, ""The Tree of Life: Filing Cabinet of the Western Mystery Tradition and Methods to Recall the Information,"" Journal of the Western Mystery Tradition / Hermetic Library.",https://hermetic.com/jwmt/v1n3/treeoflife,,,Path 26,path,Path 26 on the Tree of Life in the Golden Dawn / 777-style path scheme.,Hemp,plant,,Ayin|ע,,plant_of,Plant,Path correspondences chart,,0.9,paths,
golden_dawn_777_starter,Golden Dawn / Crowley 777 Starter,"Starter dataset grounded in Golden Dawn style Tree of Life correspondences, Hermetic Library summaries, and a small number of clearly marked editorial rollups for practical planet lookups.",JWMT Tree,The Tree of Life: Filing Cabinet of the Western Mystery Tradition and Methods to Recall the Information,Hermetic Library web text,,"Samuel Scarborough, ""The Tree of Life: Filing Cabinet of the Western Mystery Tradition and Methods to Recall the Information,"" Journal of the Western Mystery Tradition / Hermetic Library.",https://hermetic.com/jwmt/v1n3/treeoflife,,,Path 26,path,Path 26 on the Tree of Life in the Golden Dawn / 777-style path scheme.,Black Diamond,stone,,Ayin|ע,,stone_of,Stone,Path correspondences chart,,0.9,paths,
golden_dawn_777_starter,Golden Dawn / Crowley 777 Starter,"Starter dataset grounded in Golden Dawn style Tree of Life correspondences, Hermetic Library summaries, and a small number of clearly marked editorial rollups for practical planet lookups.",JWMT Tree,The Tree of Life: Filing Cabinet of the Western Mystery Tradition and Methods to Recall the Information,Hermetic Library web text,,"Samuel Scarborough, ""The Tree of Life: Filing Cabinet of the Western Mystery Tradition and Methods to Recall the Information,"" Journal of the Western Mystery Tradition / Hermetic Library.",https://hermetic.com/jwmt/v1n3/treeoflife,,,Path 26,path,Path 26 on the Tree of Life in the Golden Dawn / 777-style path scheme.,Musk,perfume,,Ayin|ע,,perfume_of,Perfume,Path correspondences chart,Listed as scent in the source page.,0.9,paths,
golden_dawn_777_starter,Golden Dawn / Crowley 777 Starter,"Starter dataset grounded in Golden Dawn style Tree of Life correspondences, Hermetic Library summaries, and a small number of clearly marked editorial rollups for practical planet lookups.",JWMT Tree,The Tree of Life: Filing Cabinet of the Western Mystery Tradition and Methods to Recall the Information,Hermetic Library web text,,"Samuel Scarborough, ""The Tree of Life: Filing Cabinet of the Western Mystery Tradition and Methods to Recall the Information,"" Journal of the Western Mystery Tradition / Hermetic Library.",https://hermetic.com/jwmt/v1n3/treeoflife,,,Path 26,path,Path 26 on the Tree of Life in the Golden Dawn / 777-style path scheme.,The Secret Force,tool,,Ayin|ע,,tool_of,Tool,Path correspondences chart,,0.9,paths,
golden_dawn_777_starter,Golden Dawn / Crowley 777 Starter,"Starter dataset grounded in Golden Dawn style Tree of Life correspondences, Hermetic Library summaries, and a small number of clearly marked editorial rollups for practical planet lookups.",JWMT Tree,The Tree of Life: Filing Cabinet of the Western Mystery Tradition and Methods to Recall the Information,Hermetic Library web text,,"Samuel Scarborough, ""The Tree of Life: Filing Cabinet of the Western Mystery Tradition and Methods to Recall the Information,"" Journal of the Western Mystery Tradition / Hermetic Library.",https://hermetic.com/jwmt/v1n3/treeoflife,,,Path 27,path,Path 27 on the Tree of Life in the Golden Dawn / 777-style path scheme.,Peh,hebrew_letter,,Peh|פ,פ,hebrew_letter_of,Hebrew Letter,Tarot placement chart,,0.95,paths,
golden_dawn_777_starter,Golden Dawn / Crowley 777 Starter,"Starter dataset grounded in Golden Dawn style Tree of Life correspondences, Hermetic Library summaries, and a small number of clearly marked editorial rollups for practical planet lookups.",JWMT Tree,The Tree of Life: Filing Cabinet of the Western Mystery Tradition and Methods to Recall the Information,Hermetic Library web text,,"Samuel Scarborough, ""The Tree of Life: Filing Cabinet of the Western Mystery Tradition and Methods to Recall the Information,"" Journal of the Western Mystery Tradition / Hermetic Library.",https://hermetic.com/jwmt/v1n3/treeoflife,,,Path 27,path,Path 27 on the Tree of Life in the Golden Dawn / 777-style path scheme.,The Tower,tarot,,Peh|פ,,tarot_attribution,Tarot,Tarot placement chart,,0.95,paths,
golden_dawn_777_starter,Golden Dawn / Crowley 777 Starter,"Starter dataset grounded in Golden Dawn style Tree of Life correspondences, Hermetic Library summaries, and a small number of clearly marked editorial rollups for practical planet lookups.",JWMT Tree,The Tree of Life: Filing Cabinet of the Western Mystery Tradition and Methods to Recall the Information,Hermetic Library web text,,"Samuel Scarborough, ""The Tree of Life: Filing Cabinet of the Western Mystery Tradition and Methods to Recall the Information,"" Journal of the Western Mystery Tradition / Hermetic Library.",https://hermetic.com/jwmt/v1n3/treeoflife,,,Path 27,path,Path 27 on the Tree of Life in the Golden Dawn / 777-style path scheme.,Scarlet,color,Golden Dawn King Scale color.,Peh|פ,,color_of,Color,Tarot placement chart,,0.95,paths,
golden_dawn_777_starter,Golden Dawn / Crowley 777 Starter,"Starter dataset grounded in Golden Dawn style Tree of Life correspondences, Hermetic Library summaries, and a small number of clearly marked editorial rollups for practical planet lookups.",JWMT Tree,The Tree of Life: Filing Cabinet of the Western Mystery Tradition and Methods to Recall the Information,Hermetic Library web text,,"Samuel Scarborough, ""The Tree of Life: Filing Cabinet of the Western Mystery Tradition and Methods to Recall the Information,"" Journal of the Western Mystery Tradition / Hermetic Library.",https://hermetic.com/jwmt/v1n3/treeoflife,,,Path 27,path,Path 27 on the Tree of Life in the Golden Dawn / 777-style path scheme.,Mars,planet,,Peh|פ,,astrological_attribution,Astrology,Path correspondences chart,,0.95,paths,
golden_dawn_777_starter,Golden Dawn / Crowley 777 Starter,"Starter dataset grounded in Golden Dawn style Tree of Life correspondences, Hermetic Library summaries, and a small number of clearly marked editorial rollups for practical planet lookups.",JWMT Tree,The Tree of Life: Filing Cabinet of the Western Mystery Tradition and Methods to Recall the Information,Hermetic Library web text,,"Samuel Scarborough, ""The Tree of Life: Filing Cabinet of the Western Mystery Tradition and Methods to Recall the Information,"" Journal of the Western Mystery Tradition / Hermetic Library.",https://hermetic.com/jwmt/v1n3/treeoflife,,,Path 27,path,Path 27 on the Tree of Life in the Golden Dawn / 777-style path scheme.,Rue,plant,,Peh|פ,,plant_of,Plant,Path correspondences chart,,0.9,paths,
golden_dawn_777_starter,Golden Dawn / Crowley 777 Starter,"Starter dataset grounded in Golden Dawn style Tree of Life correspondences, Hermetic Library summaries, and a small number of clearly marked editorial rollups for practical planet lookups.",JWMT Tree,The Tree of Life: Filing Cabinet of the Western Mystery Tradition and Methods to Recall the Information,Hermetic Library web text,,"Samuel Scarborough, ""The Tree of Life: Filing Cabinet of the Western Mystery Tradition and Methods to Recall the Information,"" Journal of the Western Mystery Tradition / Hermetic Library.",https://hermetic.com/jwmt/v1n3/treeoflife,,,Path 27,path,Path 27 on the Tree of Life in the Golden Dawn / 777-style path scheme.,Ruby,stone,,Peh|פ,,stone_of,Stone,Path correspondences chart,,0.9,paths,
golden_dawn_777_starter,Golden Dawn / Crowley 777 Starter,"Starter dataset grounded in Golden Dawn style Tree of Life correspondences, Hermetic Library summaries, and a small number of clearly marked editorial rollups for practical planet lookups.",JWMT Tree,The Tree of Life: Filing Cabinet of the Western Mystery Tradition and Methods to Recall the Information,Hermetic Library web text,,"Samuel Scarborough, ""The Tree of Life: Filing Cabinet of the Western Mystery Tradition and Methods to Recall the Information,"" Journal of the Western Mystery Tradition / Hermetic Library.",https://hermetic.com/jwmt/v1n3/treeoflife,,,Path 27,path,Path 27 on the Tree of Life in the Golden Dawn / 777-style path scheme.,Pepper,perfume,,Peh|פ,,perfume_of,Perfume,Path correspondences chart,Listed as scent in the source page.,0.9,paths,
golden_dawn_777_starter,Golden Dawn / Crowley 777 Starter,"Starter dataset grounded in Golden Dawn style Tree of Life correspondences, Hermetic Library summaries, and a small number of clearly marked editorial rollups for practical planet lookups.",JWMT Tree,The Tree of Life: Filing Cabinet of the Western Mystery Tradition and Methods to Recall the Information,Hermetic Library web text,,"Samuel Scarborough, ""The Tree of Life: Filing Cabinet of the Western Mystery Tradition and Methods to Recall the Information,"" Journal of the Western Mystery Tradition / Hermetic Library.",https://hermetic.com/jwmt/v1n3/treeoflife,,,Path 27,path,Path 27 on the Tree of Life in the Golden Dawn / 777-style path scheme.,The Sword,tool,,Peh|פ,,tool_of,Tool,Path correspondences chart,,0.9,paths,
golden_dawn_777_starter,Golden Dawn / Crowley 777 Starter,"Starter dataset grounded in Golden Dawn style Tree of Life correspondences, Hermetic Library summaries, and a small number of clearly marked editorial rollups for practical planet lookups.",JWMT Tree,The Tree of Life: Filing Cabinet of the Western Mystery Tradition and Methods to Recall the Information,Hermetic Library web text,,"Samuel Scarborough, ""The Tree of Life: Filing Cabinet of the Western Mystery Tradition and Methods to Recall the Information,"" Journal of the Western Mystery Tradition / Hermetic Library.",https://hermetic.com/jwmt/v1n3/treeoflife,,,Path 28,path,Path 28 on the Tree of Life in the Golden Dawn / 777-style path scheme.,Tzaddi,hebrew_letter,,Tzaddi|צ,צ,hebrew_letter_of,Hebrew Letter,Tarot placement chart,,0.95,paths,
golden_dawn_777_starter,Golden Dawn / Crowley 777 Starter,"Starter dataset grounded in Golden Dawn style Tree of Life correspondences, Hermetic Library summaries, and a small number of clearly marked editorial rollups for practical planet lookups.",JWMT Tree,The Tree of Life: Filing Cabinet of the Western Mystery Tradition and Methods to Recall the Information,Hermetic Library web text,,"Samuel Scarborough, ""The Tree of Life: Filing Cabinet of the Western Mystery Tradition and Methods to Recall the Information,"" Journal of the Western Mystery Tradition / Hermetic Library.",https://hermetic.com/jwmt/v1n3/treeoflife,,,Path 28,path,Path 28 on the Tree of Life in the Golden Dawn / 777-style path scheme.,The Star,tarot,,Tzaddi|צ,,tarot_attribution,Tarot,Tarot placement chart,,0.95,paths,
golden_dawn_777_starter,Golden Dawn / Crowley 777 Starter,"Starter dataset grounded in Golden Dawn style Tree of Life correspondences, Hermetic Library summaries, and a small number of clearly marked editorial rollups for practical planet lookups.",JWMT Tree,The Tree of Life: Filing Cabinet of the Western Mystery Tradition and Methods to Recall the Information,Hermetic Library web text,,"Samuel Scarborough, ""The Tree of Life: Filing Cabinet of the Western Mystery Tradition and Methods to Recall the Information,"" Journal of the Western Mystery Tradition / Hermetic Library.",https://hermetic.com/jwmt/v1n3/treeoflife,,,Path 28,path,Path 28 on the Tree of Life in the Golden Dawn / 777-style path scheme.,Violet,color,Golden Dawn King Scale color.,Tzaddi|צ,,color_of,Color,Tarot placement chart,,0.95,paths,
golden_dawn_777_starter,Golden Dawn / Crowley 777 Starter,"Starter dataset grounded in Golden Dawn style Tree of Life correspondences, Hermetic Library summaries, and a small number of clearly marked editorial rollups for practical planet lookups.",JWMT Tree,The Tree of Life: Filing Cabinet of the Western Mystery Tradition and Methods to Recall the Information,Hermetic Library web text,,"Samuel Scarborough, ""The Tree of Life: Filing Cabinet of the Western Mystery Tradition and Methods to Recall the Information,"" Journal of the Western Mystery Tradition / Hermetic Library.",https://hermetic.com/jwmt/v1n3/treeoflife,,,Path 28,path,Path 28 on the Tree of Life in the Golden Dawn / 777-style path scheme.,Aquarius,zodiac_sign,,Tzaddi|צ,,astrological_attribution,Astrology,Path correspondences chart,,0.95,paths,
golden_dawn_777_starter,Golden Dawn / Crowley 777 Starter,"Starter dataset grounded in Golden Dawn style Tree of Life correspondences, Hermetic Library summaries, and a small number of clearly marked editorial rollups for practical planet lookups.",JWMT Tree,The Tree of Life: Filing Cabinet of the Western Mystery Tradition and Methods to Recall the Information,Hermetic Library web text,,"Samuel Scarborough, ""The Tree of Life: Filing Cabinet of the Western Mystery Tradition and Methods to Recall the Information,"" Journal of the Western Mystery Tradition / Hermetic Library.",https://hermetic.com/jwmt/v1n3/treeoflife,,,Path 28,path,Path 28 on the Tree of Life in the Golden Dawn / 777-style path scheme.,Cocanut [sic],plant,,Tzaddi|צ,Coconut,plant_of,Plant,Path correspondences chart,,0.9,paths,
golden_dawn_777_starter,Golden Dawn / Crowley 777 Starter,"Starter dataset grounded in Golden Dawn style Tree of Life correspondences, Hermetic Library summaries, and a small number of clearly marked editorial rollups for practical planet lookups.",JWMT Tree,The Tree of Life: Filing Cabinet of the Western Mystery Tradition and Methods to Recall the Information,Hermetic Library web text,,"Samuel Scarborough, ""The Tree of Life: Filing Cabinet of the Western Mystery Tradition and Methods to Recall the Information,"" Journal of the Western Mystery Tradition / Hermetic Library.",https://hermetic.com/jwmt/v1n3/treeoflife,,,Path 28,path,Path 28 on the Tree of Life in the Golden Dawn / 777-style path scheme.,Artificial Glass,stone,,Tzaddi|צ,,stone_of,Stone,Path correspondences chart,,0.9,paths,
golden_dawn_777_starter,Golden Dawn / Crowley 777 Starter,"Starter dataset grounded in Golden Dawn style Tree of Life correspondences, Hermetic Library summaries, and a small number of clearly marked editorial rollups for practical planet lookups.",JWMT Tree,The Tree of Life: Filing Cabinet of the Western Mystery Tradition and Methods to Recall the Information,Hermetic Library web text,,"Samuel Scarborough, ""The Tree of Life: Filing Cabinet of the Western Mystery Tradition and Methods to Recall the Information,"" Journal of the Western Mystery Tradition / Hermetic Library.",https://hermetic.com/jwmt/v1n3/treeoflife,,,Path 28,path,Path 28 on the Tree of Life in the Golden Dawn / 777-style path scheme.,Galbanum,perfume,,Tzaddi|צ,,perfume_of,Perfume,Path correspondences chart,Listed as scent in the source page.,0.9,paths,
golden_dawn_777_starter,Golden Dawn / Crowley 777 Starter,"Starter dataset grounded in Golden Dawn style Tree of Life correspondences, Hermetic Library summaries, and a small number of clearly marked editorial rollups for practical planet lookups.",JWMT Tree,The Tree of Life: Filing Cabinet of the Western Mystery Tradition and Methods to Recall the Information,Hermetic Library web text,,"Samuel Scarborough, ""The Tree of Life: Filing Cabinet of the Western Mystery Tradition and Methods to Recall the Information,"" Journal of the Western Mystery Tradition / Hermetic Library.",https://hermetic.com/jwmt/v1n3/treeoflife,,,Path 28,path,Path 28 on the Tree of Life in the Golden Dawn / 777-style path scheme.,Censer,tool,,Tzaddi|צ,,tool_of,Tool,Path correspondences chart,,0.9,paths,
golden_dawn_777_starter,Golden Dawn / Crowley 777 Starter,"Starter dataset grounded in Golden Dawn style Tree of Life correspondences, Hermetic Library summaries, and a small number of clearly marked editorial rollups for practical planet lookups.",JWMT Tree,The Tree of Life: Filing Cabinet of the Western Mystery Tradition and Methods to Recall the Information,Hermetic Library web text,,"Samuel Scarborough, ""The Tree of Life: Filing Cabinet of the Western Mystery Tradition and Methods to Recall the Information,"" Journal of the Western Mystery Tradition / Hermetic Library.",https://hermetic.com/jwmt/v1n3/treeoflife,,,Path 29,path,Path 29 on the Tree of Life in the Golden Dawn / 777-style path scheme.,Qoph,hebrew_letter,,Qoph|ק,ק,hebrew_letter_of,Hebrew Letter,Tarot placement chart,,0.95,paths,
golden_dawn_777_starter,Golden Dawn / Crowley 777 Starter,"Starter dataset grounded in Golden Dawn style Tree of Life correspondences, Hermetic Library summaries, and a small number of clearly marked editorial rollups for practical planet lookups.",JWMT Tree,The Tree of Life: Filing Cabinet of the Western Mystery Tradition and Methods to Recall the Information,Hermetic Library web text,,"Samuel Scarborough, ""The Tree of Life: Filing Cabinet of the Western Mystery Tradition and Methods to Recall the Information,"" Journal of the Western Mystery Tradition / Hermetic Library.",https://hermetic.com/jwmt/v1n3/treeoflife,,,Path 29,path,Path 29 on the Tree of Life in the Golden Dawn / 777-style path scheme.,The Moon,tarot,,Qoph|ק,,tarot_attribution,Tarot,Tarot placement chart,,0.95,paths,
golden_dawn_777_starter,Golden Dawn / Crowley 777 Starter,"Starter dataset grounded in Golden Dawn style Tree of Life correspondences, Hermetic Library summaries, and a small number of clearly marked editorial rollups for practical planet lookups.",JWMT Tree,The Tree of Life: Filing Cabinet of the Western Mystery Tradition and Methods to Recall the Information,Hermetic Library web text,,"Samuel Scarborough, ""The Tree of Life: Filing Cabinet of the Western Mystery Tradition and Methods to Recall the Information,"" Journal of the Western Mystery Tradition / Hermetic Library.",https://hermetic.com/jwmt/v1n3/treeoflife,,,Path 29,path,Path 29 on the Tree of Life in the Golden Dawn / 777-style path scheme.,Crimson,color,Golden Dawn King Scale color.,Qoph|ק,,color_of,Color,Tarot placement chart,,0.95,paths,
golden_dawn_777_starter,Golden Dawn / Crowley 777 Starter,"Starter dataset grounded in Golden Dawn style Tree of Life correspondences, Hermetic Library summaries, and a small number of clearly marked editorial rollups for practical planet lookups.",JWMT Tree,The Tree of Life: Filing Cabinet of the Western Mystery Tradition and Methods to Recall the Information,Hermetic Library web text,,"Samuel Scarborough, ""The Tree of Life: Filing Cabinet of the Western Mystery Tradition and Methods to Recall the Information,"" Journal of the Western Mystery Tradition / Hermetic Library.",https://hermetic.com/jwmt/v1n3/treeoflife,,,Path 29,path,Path 29 on the Tree of Life in the Golden Dawn / 777-style path scheme.,Pisces,zodiac_sign,,Qoph|ק,,astrological_attribution,Astrology,Path correspondences chart,,0.95,paths,
golden_dawn_777_starter,Golden Dawn / Crowley 777 Starter,"Starter dataset grounded in Golden Dawn style Tree of Life correspondences, Hermetic Library summaries, and a small number of clearly marked editorial rollups for practical planet lookups.",JWMT Tree,The Tree of Life: Filing Cabinet of the Western Mystery Tradition and Methods to Recall the Information,Hermetic Library web text,,"Samuel Scarborough, ""The Tree of Life: Filing Cabinet of the Western Mystery Tradition and Methods to Recall the Information,"" Journal of the Western Mystery Tradition / Hermetic Library.",https://hermetic.com/jwmt/v1n3/treeoflife,,,Path 29,path,Path 29 on the Tree of Life in the Golden Dawn / 777-style path scheme.,Unicellular Organisms,plant,,Qoph|ק,,plant_of,Plant,Path correspondences chart,,0.9,paths,
golden_dawn_777_starter,Golden Dawn / Crowley 777 Starter,"Starter dataset grounded in Golden Dawn style Tree of Life correspondences, Hermetic Library summaries, and a small number of clearly marked editorial rollups for practical planet lookups.",JWMT Tree,The Tree of Life: Filing Cabinet of the Western Mystery Tradition and Methods to Recall the Information,Hermetic Library web text,,"Samuel Scarborough, ""The Tree of Life: Filing Cabinet of the Western Mystery Tradition and Methods to Recall the Information,"" Journal of the Western Mystery Tradition / Hermetic Library.",https://hermetic.com/jwmt/v1n3/treeoflife,,,Path 29,path,Path 29 on the Tree of Life in the Golden Dawn / 777-style path scheme.,Pearl,stone,,Qoph|ק,,stone_of,Stone,Path correspondences chart,,0.9,paths,
golden_dawn_777_starter,Golden Dawn / Crowley 777 Starter,"Starter dataset grounded in Golden Dawn style Tree of Life correspondences, Hermetic Library summaries, and a small number of clearly marked editorial rollups for practical planet lookups.",JWMT Tree,The Tree of Life: Filing Cabinet of the Western Mystery Tradition and Methods to Recall the Information,Hermetic Library web text,,"Samuel Scarborough, ""The Tree of Life: Filing Cabinet of the Western Mystery Tradition and Methods to Recall the Information,"" Journal of the Western Mystery Tradition / Hermetic Library.",https://hermetic.com/jwmt/v1n3/treeoflife,,,Path 29,path,Path 29 on the Tree of Life in the Golden Dawn / 777-style path scheme.,Ambergris,perfume,,Qoph|ק,,perfume_of,Perfume,Path correspondences chart,Listed as scent in the source page.,0.9,paths,
golden_dawn_777_starter,Golden Dawn / Crowley 777 Starter,"Starter dataset grounded in Golden Dawn style Tree of Life correspondences, Hermetic Library summaries, and a small number of clearly marked editorial rollups for practical planet lookups.",JWMT Tree,The Tree of Life: Filing Cabinet of the Western Mystery Tradition and Methods to Recall the Information,Hermetic Library web text,,"Samuel Scarborough, ""The Tree of Life: Filing Cabinet of the Western Mystery Tradition and Methods to Recall the Information,"" Journal of the Western Mystery Tradition / Hermetic Library.",https://hermetic.com/jwmt/v1n3/treeoflife,,,Path 29,path,Path 29 on the Tree of Life in the Golden Dawn / 777-style path scheme.,Magick Mirror,tool,,Qoph|ק,,tool_of,Tool,Path correspondences chart,,0.9,paths,
golden_dawn_777_starter,Golden Dawn / Crowley 777 Starter,"Starter dataset grounded in Golden Dawn style Tree of Life correspondences, Hermetic Library summaries, and a small number of clearly marked editorial rollups for practical planet lookups.",JWMT Tree,The Tree of Life: Filing Cabinet of the Western Mystery Tradition and Methods to Recall the Information,Hermetic Library web text,,"Samuel Scarborough, ""The Tree of Life: Filing Cabinet of the Western Mystery Tradition and Methods to Recall the Information,"" Journal of the Western Mystery Tradition / Hermetic Library.",https://hermetic.com/jwmt/v1n3/treeoflife,,,Path 30,path,Path 30 on the Tree of Life in the Golden Dawn / 777-style path scheme.,Resh,hebrew_letter,,Resh|ר,ר,hebrew_letter_of,Hebrew Letter,Tarot placement chart,,0.95,paths,
golden_dawn_777_starter,Golden Dawn / Crowley 777 Starter,"Starter dataset grounded in Golden Dawn style Tree of Life correspondences, Hermetic Library summaries, and a small number of clearly marked editorial rollups for practical planet lookups.",JWMT Tree,The Tree of Life: Filing Cabinet of the Western Mystery Tradition and Methods to Recall the Information,Hermetic Library web text,,"Samuel Scarborough, ""The Tree of Life: Filing Cabinet of the Western Mystery Tradition and Methods to Recall the Information,"" Journal of the Western Mystery Tradition / Hermetic Library.",https://hermetic.com/jwmt/v1n3/treeoflife,,,Path 30,path,Path 30 on the Tree of Life in the Golden Dawn / 777-style path scheme.,The Sun,tarot,,Resh|ר,,tarot_attribution,Tarot,Tarot placement chart,,0.95,paths,
golden_dawn_777_starter,Golden Dawn / Crowley 777 Starter,"Starter dataset grounded in Golden Dawn style Tree of Life correspondences, Hermetic Library summaries, and a small number of clearly marked editorial rollups for practical planet lookups.",JWMT Tree,The Tree of Life: Filing Cabinet of the Western Mystery Tradition and Methods to Recall the Information,Hermetic Library web text,,"Samuel Scarborough, ""The Tree of Life: Filing Cabinet of the Western Mystery Tradition and Methods to Recall the Information,"" Journal of the Western Mystery Tradition / Hermetic Library.",https://hermetic.com/jwmt/v1n3/treeoflife,,,Path 30,path,Path 30 on the Tree of Life in the Golden Dawn / 777-style path scheme.,Orange,color,Golden Dawn King Scale color.,Resh|ר,,color_of,Color,Tarot placement chart,,0.95,paths,
golden_dawn_777_starter,Golden Dawn / Crowley 777 Starter,"Starter dataset grounded in Golden Dawn style Tree of Life correspondences, Hermetic Library summaries, and a small number of clearly marked editorial rollups for practical planet lookups.",JWMT Tree,The Tree of Life: Filing Cabinet of the Western Mystery Tradition and Methods to Recall the Information,Hermetic Library web text,,"Samuel Scarborough, ""The Tree of Life: Filing Cabinet of the Western Mystery Tradition and Methods to Recall the Information,"" Journal of the Western Mystery Tradition / Hermetic Library.",https://hermetic.com/jwmt/v1n3/treeoflife,,,Path 30,path,Path 30 on the Tree of Life in the Golden Dawn / 777-style path scheme.,Sun,planet,,Resh|ר,,astrological_attribution,Astrology,Path correspondences chart,,0.95,paths,
golden_dawn_777_starter,Golden Dawn / Crowley 777 Starter,"Starter dataset grounded in Golden Dawn style Tree of Life correspondences, Hermetic Library summaries, and a small number of clearly marked editorial rollups for practical planet lookups.",JWMT Tree,The Tree of Life: Filing Cabinet of the Western Mystery Tradition and Methods to Recall the Information,Hermetic Library web text,,"Samuel Scarborough, ""The Tree of Life: Filing Cabinet of the Western Mystery Tradition and Methods to Recall the Information,"" Journal of the Western Mystery Tradition / Hermetic Library.",https://hermetic.com/jwmt/v1n3/treeoflife,,,Path 30,path,Path 30 on the Tree of Life in the Golden Dawn / 777-style path scheme.,Sunflower,plant,,Resh|ר,,plant_of,Plant,Path correspondences chart,,0.9,paths,
golden_dawn_777_starter,Golden Dawn / Crowley 777 Starter,"Starter dataset grounded in Golden Dawn style Tree of Life correspondences, Hermetic Library summaries, and a small number of clearly marked editorial rollups for practical planet lookups.",JWMT Tree,The Tree of Life: Filing Cabinet of the Western Mystery Tradition and Methods to Recall the Information,Hermetic Library web text,,"Samuel Scarborough, ""The Tree of Life: Filing Cabinet of the Western Mystery Tradition and Methods to Recall the Information,"" Journal of the Western Mystery Tradition / Hermetic Library.",https://hermetic.com/jwmt/v1n3/treeoflife,,,Path 30,path,Path 30 on the Tree of Life in the Golden Dawn / 777-style path scheme.,Crysoleth,stone,,Resh|ר,,stone_of,Stone,Path correspondences chart,,0.9,paths,
golden_dawn_777_starter,Golden Dawn / Crowley 777 Starter,"Starter dataset grounded in Golden Dawn style Tree of Life correspondences, Hermetic Library summaries, and a small number of clearly marked editorial rollups for practical planet lookups.",JWMT Tree,The Tree of Life: Filing Cabinet of the Western Mystery Tradition and Methods to Recall the Information,Hermetic Library web text,,"Samuel Scarborough, ""The Tree of Life: Filing Cabinet of the Western Mystery Tradition and Methods to Recall the Information,"" Journal of the Western Mystery Tradition / Hermetic Library.",https://hermetic.com/jwmt/v1n3/treeoflife,,,Path 30,path,Path 30 on the Tree of Life in the Golden Dawn / 777-style path scheme.,Olibanum,perfume,,Resh|ר,,perfume_of,Perfume,Path correspondences chart,Listed as scent in the source page.,0.9,paths,
golden_dawn_777_starter,Golden Dawn / Crowley 777 Starter,"Starter dataset grounded in Golden Dawn style Tree of Life correspondences, Hermetic Library summaries, and a small number of clearly marked editorial rollups for practical planet lookups.",JWMT Tree,The Tree of Life: Filing Cabinet of the Western Mystery Tradition and Methods to Recall the Information,Hermetic Library web text,,"Samuel Scarborough, ""The Tree of Life: Filing Cabinet of the Western Mystery Tradition and Methods to Recall the Information,"" Journal of the Western Mystery Tradition / Hermetic Library.",https://hermetic.com/jwmt/v1n3/treeoflife,,,Path 30,path,Path 30 on the Tree of Life in the Golden Dawn / 777-style path scheme.,Bow & Arrow,tool,,Resh|ר,,tool_of,Tool,Path correspondences chart,,0.9,paths,
golden_dawn_777_starter,Golden Dawn / Crowley 777 Starter,"Starter dataset grounded in Golden Dawn style Tree of Life correspondences, Hermetic Library summaries, and a small number of clearly marked editorial rollups for practical planet lookups.",JWMT Tree,The Tree of Life: Filing Cabinet of the Western Mystery Tradition and Methods to Recall the Information,Hermetic Library web text,,"Samuel Scarborough, ""The Tree of Life: Filing Cabinet of the Western Mystery Tradition and Methods to Recall the Information,"" Journal of the Western Mystery Tradition / Hermetic Library.",https://hermetic.com/jwmt/v1n3/treeoflife,,,Path 31,path,Path 31 on the Tree of Life in the Golden Dawn / 777-style path scheme.,Shin,hebrew_letter,,Shin|ש,ש,hebrew_letter_of,Hebrew Letter,Tarot placement chart,,0.95,paths,
golden_dawn_777_starter,Golden Dawn / Crowley 777 Starter,"Starter dataset grounded in Golden Dawn style Tree of Life correspondences, Hermetic Library summaries, and a small number of clearly marked editorial rollups for practical planet lookups.",JWMT Tree,The Tree of Life: Filing Cabinet of the Western Mystery Tradition and Methods to Recall the Information,Hermetic Library web text,,"Samuel Scarborough, ""The Tree of Life: Filing Cabinet of the Western Mystery Tradition and Methods to Recall the Information,"" Journal of the Western Mystery Tradition / Hermetic Library.",https://hermetic.com/jwmt/v1n3/treeoflife,,,Path 31,path,Path 31 on the Tree of Life in the Golden Dawn / 777-style path scheme.,Judgement,tarot,,Shin|ש,,tarot_attribution,Tarot,Tarot placement chart,,0.95,paths,
golden_dawn_777_starter,Golden Dawn / Crowley 777 Starter,"Starter dataset grounded in Golden Dawn style Tree of Life correspondences, Hermetic Library summaries, and a small number of clearly marked editorial rollups for practical planet lookups.",JWMT Tree,The Tree of Life: Filing Cabinet of the Western Mystery Tradition and Methods to Recall the Information,Hermetic Library web text,,"Samuel Scarborough, ""The Tree of Life: Filing Cabinet of the Western Mystery Tradition and Methods to Recall the Information,"" Journal of the Western Mystery Tradition / Hermetic Library.",https://hermetic.com/jwmt/v1n3/treeoflife,,,Path 31,path,Path 31 on the Tree of Life in the Golden Dawn / 777-style path scheme.,Glowing Orange-Scarlet,color,Golden Dawn King Scale color.,Shin|ש,,color_of,Color,Tarot placement chart,,0.95,paths,
golden_dawn_777_starter,Golden Dawn / Crowley 777 Starter,"Starter dataset grounded in Golden Dawn style Tree of Life correspondences, Hermetic Library summaries, and a small number of clearly marked editorial rollups for practical planet lookups.",JWMT Tree,The Tree of Life: Filing Cabinet of the Western Mystery Tradition and Methods to Recall the Information,Hermetic Library web text,,"Samuel Scarborough, ""The Tree of Life: Filing Cabinet of the Western Mystery Tradition and Methods to Recall the Information,"" Journal of the Western Mystery Tradition / Hermetic Library.",https://hermetic.com/jwmt/v1n3/treeoflife,,,Path 31,path,Path 31 on the Tree of Life in the Golden Dawn / 777-style path scheme.,Fire,element,,Shin|ש,,astrological_attribution,Astrology,Path correspondences chart,,0.95,paths,
golden_dawn_777_starter,Golden Dawn / Crowley 777 Starter,"Starter dataset grounded in Golden Dawn style Tree of Life correspondences, Hermetic Library summaries, and a small number of clearly marked editorial rollups for practical planet lookups.",JWMT Tree,The Tree of Life: Filing Cabinet of the Western Mystery Tradition and Methods to Recall the Information,Hermetic Library web text,,"Samuel Scarborough, ""The Tree of Life: Filing Cabinet of the Western Mystery Tradition and Methods to Recall the Information,"" Journal of the Western Mystery Tradition / Hermetic Library.",https://hermetic.com/jwmt/v1n3/treeoflife,,,Path 31,path,Path 31 on the Tree of Life in the Golden Dawn / 777-style path scheme.,Red Poppy,plant,,Shin|ש,,plant_of,Plant,Path correspondences chart,,0.9,paths,
golden_dawn_777_starter,Golden Dawn / Crowley 777 Starter,"Starter dataset grounded in Golden Dawn style Tree of Life correspondences, Hermetic Library summaries, and a small number of clearly marked editorial rollups for practical planet lookups.",JWMT Tree,The Tree of Life: Filing Cabinet of the Western Mystery Tradition and Methods to Recall the Information,Hermetic Library web text,,"Samuel Scarborough, ""The Tree of Life: Filing Cabinet of the Western Mystery Tradition and Methods to Recall the Information,"" Journal of the Western Mystery Tradition / Hermetic Library.",https://hermetic.com/jwmt/v1n3/treeoflife,,,Path 31,path,Path 31 on the Tree of Life in the Golden Dawn / 777-style path scheme.,Fire Opal,stone,,Shin|ש,,stone_of,Stone,Path correspondences chart,,0.9,paths,
golden_dawn_777_starter,Golden Dawn / Crowley 777 Starter,"Starter dataset grounded in Golden Dawn style Tree of Life correspondences, Hermetic Library summaries, and a small number of clearly marked editorial rollups for practical planet lookups.",JWMT Tree,The Tree of Life: Filing Cabinet of the Western Mystery Tradition and Methods to Recall the Information,Hermetic Library web text,,"Samuel Scarborough, ""The Tree of Life: Filing Cabinet of the Western Mystery Tradition and Methods to Recall the Information,"" Journal of the Western Mystery Tradition / Hermetic Library.",https://hermetic.com/jwmt/v1n3/treeoflife,,,Path 31,path,Path 31 on the Tree of Life in the Golden Dawn / 777-style path scheme.,Olibanum,perfume,,Shin|ש,,perfume_of,Perfume,Path correspondences chart,Listed as scent in the source page.,0.9,paths,
golden_dawn_777_starter,Golden Dawn / Crowley 777 Starter,"Starter dataset grounded in Golden Dawn style Tree of Life correspondences, Hermetic Library summaries, and a small number of clearly marked editorial rollups for practical planet lookups.",JWMT Tree,The Tree of Life: Filing Cabinet of the Western Mystery Tradition and Methods to Recall the Information,Hermetic Library web text,,"Samuel Scarborough, ""The Tree of Life: Filing Cabinet of the Western Mystery Tradition and Methods to Recall the Information,"" Journal of the Western Mystery Tradition / Hermetic Library.",https://hermetic.com/jwmt/v1n3/treeoflife,,,Path 31,path,Path 31 on the Tree of Life in the Golden Dawn / 777-style path scheme.,Wand,tool,,Shin|ש,,tool_of,Tool,Path correspondences chart,,0.9,paths,
golden_dawn_777_starter,Golden Dawn / Crowley 777 Starter,"Starter dataset grounded in Golden Dawn style Tree of Life correspondences, Hermetic Library summaries, and a small number of clearly marked editorial rollups for practical planet lookups.",JWMT Tree,The Tree of Life: Filing Cabinet of the Western Mystery Tradition and Methods to Recall the Information,Hermetic Library web text,,"Samuel Scarborough, ""The Tree of Life: Filing Cabinet of the Western Mystery Tradition and Methods to Recall the Information,"" Journal of the Western Mystery Tradition / Hermetic Library.",https://hermetic.com/jwmt/v1n3/treeoflife,,,Path 32,path,Path 32 on the Tree of Life in the Golden Dawn / 777-style path scheme.,Tav,hebrew_letter,,Tav|ת,ת,hebrew_letter_of,Hebrew Letter,Tarot placement chart,,0.95,paths,
golden_dawn_777_starter,Golden Dawn / Crowley 777 Starter,"Starter dataset grounded in Golden Dawn style Tree of Life correspondences, Hermetic Library summaries, and a small number of clearly marked editorial rollups for practical planet lookups.",JWMT Tree,The Tree of Life: Filing Cabinet of the Western Mystery Tradition and Methods to Recall the Information,Hermetic Library web text,,"Samuel Scarborough, ""The Tree of Life: Filing Cabinet of the Western Mystery Tradition and Methods to Recall the Information,"" Journal of the Western Mystery Tradition / Hermetic Library.",https://hermetic.com/jwmt/v1n3/treeoflife,,,Path 32,path,Path 32 on the Tree of Life in the Golden Dawn / 777-style path scheme.,The Universe,tarot,,Tav|ת,,tarot_attribution,Tarot,Tarot placement chart,,0.95,paths,
golden_dawn_777_starter,Golden Dawn / Crowley 777 Starter,"Starter dataset grounded in Golden Dawn style Tree of Life correspondences, Hermetic Library summaries, and a small number of clearly marked editorial rollups for practical planet lookups.",JWMT Tree,The Tree of Life: Filing Cabinet of the Western Mystery Tradition and Methods to Recall the Information,Hermetic Library web text,,"Samuel Scarborough, ""The Tree of Life: Filing Cabinet of the Western Mystery Tradition and Methods to Recall the Information,"" Journal of the Western Mystery Tradition / Hermetic Library.",https://hermetic.com/jwmt/v1n3/treeoflife,,,Path 32,path,Path 32 on the Tree of Life in the Golden Dawn / 777-style path scheme.,Indigo,color,Golden Dawn King Scale color.,Tav|ת,,color_of,Color,Tarot placement chart,,0.95,paths,
golden_dawn_777_starter,Golden Dawn / Crowley 777 Starter,"Starter dataset grounded in Golden Dawn style Tree of Life correspondences, Hermetic Library summaries, and a small number of clearly marked editorial rollups for practical planet lookups.",JWMT Tree,The Tree of Life: Filing Cabinet of the Western Mystery Tradition and Methods to Recall the Information,Hermetic Library web text,,"Samuel Scarborough, ""The Tree of Life: Filing Cabinet of the Western Mystery Tradition and Methods to Recall the Information,"" Journal of the Western Mystery Tradition / Hermetic Library.",https://hermetic.com/jwmt/v1n3/treeoflife,,,Path 32,path,Path 32 on the Tree of Life in the Golden Dawn / 777-style path scheme.,Saturn,planet,,Tav|ת,,astrological_attribution,Astrology,Path correspondences chart,,0.95,paths,
golden_dawn_777_starter,Golden Dawn / Crowley 777 Starter,"Starter dataset grounded in Golden Dawn style Tree of Life correspondences, Hermetic Library summaries, and a small number of clearly marked editorial rollups for practical planet lookups.",JWMT Tree,The Tree of Life: Filing Cabinet of the Western Mystery Tradition and Methods to Recall the Information,Hermetic Library web text,,"Samuel Scarborough, ""The Tree of Life: Filing Cabinet of the Western Mystery Tradition and Methods to Recall the Information,"" Journal of the Western Mystery Tradition / Hermetic Library.",https://hermetic.com/jwmt/v1n3/treeoflife,,,Path 32,path,Path 32 on the Tree of Life in the Golden Dawn / 777-style path scheme.,Ash,plant,,Tav|ת,,plant_of,Plant,Path correspondences chart,,0.9,paths,
golden_dawn_777_starter,Golden Dawn / Crowley 777 Starter,"Starter dataset grounded in Golden Dawn style Tree of Life correspondences, Hermetic Library summaries, and a small number of clearly marked editorial rollups for practical planet lookups.",JWMT Tree,The Tree of Life: Filing Cabinet of the Western Mystery Tradition and Methods to Recall the Information,Hermetic Library web text,,"Samuel Scarborough, ""The Tree of Life: Filing Cabinet of the Western Mystery Tradition and Methods to Recall the Information,"" Journal of the Western Mystery Tradition / Hermetic Library.",https://hermetic.com/jwmt/v1n3/treeoflife,,,Path 32,path,Path 32 on the Tree of Life in the Golden Dawn / 777-style path scheme.,Onyx,stone,,Tav|ת,,stone_of,Stone,Path correspondences chart,,0.9,paths,
golden_dawn_777_starter,Golden Dawn / Crowley 777 Starter,"Starter dataset grounded in Golden Dawn style Tree of Life correspondences, Hermetic Library summaries, and a small number of clearly marked editorial rollups for practical planet lookups.",JWMT Tree,The Tree of Life: Filing Cabinet of the Western Mystery Tradition and Methods to Recall the Information,Hermetic Library web text,,"Samuel Scarborough, ""The Tree of Life: Filing Cabinet of the Western Mystery Tradition and Methods to Recall the Information,"" Journal of the Western Mystery Tradition / Hermetic Library.",https://hermetic.com/jwmt/v1n3/treeoflife,,,Path 32,path,Path 32 on the Tree of Life in the Golden Dawn / 777-style path scheme.,Assafoetida,perfume,,Tav|ת,,perfume_of,Perfume,Path correspondences chart,Listed as scent in the source page.,0.9,paths,
golden_dawn_777_starter,Golden Dawn / Crowley 777 Starter,"Starter dataset grounded in Golden Dawn style Tree of Life correspondences, Hermetic Library summaries, and a small number of clearly marked editorial rollups for practical planet lookups.",JWMT Tree,The Tree of Life: Filing Cabinet of the Western Mystery Tradition and Methods to Recall the Information,Hermetic Library web text,,"Samuel Scarborough, ""The Tree of Life: Filing Cabinet of the Western Mystery Tradition and Methods to Recall the Information,"" Journal of the Western Mystery Tradition / Hermetic Library.",https://hermetic.com/jwmt/v1n3/treeoflife,,,Path 32,path,Path 32 on the Tree of Life in the Golden Dawn / 777-style path scheme.,Sickle,tool,,Tav|ת,,tool_of,Tool,Path correspondences chart,,0.9,paths,
golden_dawn_777_starter,Golden Dawn / Crowley 777 Starter,"Starter dataset grounded in Golden Dawn style Tree of Life correspondences, Hermetic Library summaries, and a small number of clearly marked editorial rollups for practical planet lookups.",Caduceus Malkuth,Malkuth,Hermetic Library web text,,"Colin Low, ""Malkuth,"" Caduceus / Hermetic Library.",https://hermetic.com/caduceus/qabalah/041_kab,,,Fire,element,Fire in the elemental hierarchy summarized from Golden Dawn / 777-style material.,South,direction,,,,direction_of,Direction,Element hierarchy summary,,0.9,elements,
golden_dawn_777_starter,Golden Dawn / Crowley 777 Starter,"Starter dataset grounded in Golden Dawn style Tree of Life correspondences, Hermetic Library summaries, and a small number of clearly marked editorial rollups for practical planet lookups.",Caduceus Malkuth,Malkuth,Hermetic Library web text,,"Colin Low, ""Malkuth,"" Caduceus / Hermetic Library.",https://hermetic.com/caduceus/qabalah/041_kab,,,Fire,element,Fire in the elemental hierarchy summarized from Golden Dawn / 777-style material.,Elohim,divine_name,,,,divine_name_of,Divine Name,Element hierarchy summary,,0.9,elements,
golden_dawn_777_starter,Golden Dawn / Crowley 777 Starter,"Starter dataset grounded in Golden Dawn style Tree of Life correspondences, Hermetic Library summaries, and a small number of clearly marked editorial rollups for practical planet lookups.",Caduceus Malkuth,Malkuth,Hermetic Library web text,,"Colin Low, ""Malkuth,"" Caduceus / Hermetic Library.",https://hermetic.com/caduceus/qabalah/041_kab,,,Fire,element,Fire in the elemental hierarchy summarized from Golden Dawn / 777-style material.,Michael,angel,,,,archangel_of,Archangel,Element hierarchy summary,,0.9,elements,
golden_dawn_777_starter,Golden Dawn / Crowley 777 Starter,"Starter dataset grounded in Golden Dawn style Tree of Life correspondences, Hermetic Library summaries, and a small number of clearly marked editorial rollups for practical planet lookups.",Caduceus Malkuth,Malkuth,Hermetic Library web text,,"Colin Low, ""Malkuth,"" Caduceus / Hermetic Library.",https://hermetic.com/caduceus/qabalah/041_kab,,,Fire,element,Fire in the elemental hierarchy summarized from Golden Dawn / 777-style material.,Djin,spirit,,,,elemental_king_of,Elemental King,Element hierarchy summary,,0.85,elements,
golden_dawn_777_starter,Golden Dawn / Crowley 777 Starter,"Starter dataset grounded in Golden Dawn style Tree of Life correspondences, Hermetic Library summaries, and a small number of clearly marked editorial rollups for practical planet lookups.",Caduceus Malkuth,Malkuth,Hermetic Library web text,,"Colin Low, ""Malkuth,"" Caduceus / Hermetic Library.",https://hermetic.com/caduceus/qabalah/041_kab,,,Fire,element,Fire in the elemental hierarchy summarized from Golden Dawn / 777-style material.,Salamanders,elemental_beings,,,,elementals_of,Elementals,Element hierarchy summary,,0.85,elements,
golden_dawn_777_starter,Golden Dawn / Crowley 777 Starter,"Starter dataset grounded in Golden Dawn style Tree of Life correspondences, Hermetic Library summaries, and a small number of clearly marked editorial rollups for practical planet lookups.",Caduceus Malkuth,Malkuth,Hermetic Library web text,,"Colin Low, ""Malkuth,"" Caduceus / Hermetic Library.",https://hermetic.com/caduceus/qabalah/041_kab,,,Air,element,Air in the elemental hierarchy summarized from Golden Dawn / 777-style material.,East,direction,,,,direction_of,Direction,Element hierarchy summary,,0.9,elements,
golden_dawn_777_starter,Golden Dawn / Crowley 777 Starter,"Starter dataset grounded in Golden Dawn style Tree of Life correspondences, Hermetic Library summaries, and a small number of clearly marked editorial rollups for practical planet lookups.",Caduceus Malkuth,Malkuth,Hermetic Library web text,,"Colin Low, ""Malkuth,"" Caduceus / Hermetic Library.",https://hermetic.com/caduceus/qabalah/041_kab,,,Air,element,Air in the elemental hierarchy summarized from Golden Dawn / 777-style material.,Jehovah,divine_name,,,,divine_name_of,Divine Name,Element hierarchy summary,,0.9,elements,
golden_dawn_777_starter,Golden Dawn / Crowley 777 Starter,"Starter dataset grounded in Golden Dawn style Tree of Life correspondences, Hermetic Library summaries, and a small number of clearly marked editorial rollups for practical planet lookups.",Caduceus Malkuth,Malkuth,Hermetic Library web text,,"Colin Low, ""Malkuth,"" Caduceus / Hermetic Library.",https://hermetic.com/caduceus/qabalah/041_kab,,,Air,element,Air in the elemental hierarchy summarized from Golden Dawn / 777-style material.,Raphael,angel,,,,archangel_of,Archangel,Element hierarchy summary,,0.9,elements,
golden_dawn_777_starter,Golden Dawn / Crowley 777 Starter,"Starter dataset grounded in Golden Dawn style Tree of Life correspondences, Hermetic Library summaries, and a small number of clearly marked editorial rollups for practical planet lookups.",Caduceus Malkuth,Malkuth,Hermetic Library web text,,"Colin Low, ""Malkuth,"" Caduceus / Hermetic Library.",https://hermetic.com/caduceus/qabalah/041_kab,,,Air,element,Air in the elemental hierarchy summarized from Golden Dawn / 777-style material.,Paralda,spirit,,,,elemental_king_of,Elemental King,Element hierarchy summary,,0.85,elements,
golden_dawn_777_starter,Golden Dawn / Crowley 777 Starter,"Starter dataset grounded in Golden Dawn style Tree of Life correspondences, Hermetic Library summaries, and a small number of clearly marked editorial rollups for practical planet lookups.",Caduceus Malkuth,Malkuth,Hermetic Library web text,,"Colin Low, ""Malkuth,"" Caduceus / Hermetic Library.",https://hermetic.com/caduceus/qabalah/041_kab,,,Air,element,Air in the elemental hierarchy summarized from Golden Dawn / 777-style material.,Sylphs,elemental_beings,,,,elementals_of,Elementals,Element hierarchy summary,,0.85,elements,
golden_dawn_777_starter,Golden Dawn / Crowley 777 Starter,"Starter dataset grounded in Golden Dawn style Tree of Life correspondences, Hermetic Library summaries, and a small number of clearly marked editorial rollups for practical planet lookups.",Caduceus Malkuth,Malkuth,Hermetic Library web text,,"Colin Low, ""Malkuth,"" Caduceus / Hermetic Library.",https://hermetic.com/caduceus/qabalah/041_kab,,,Water,element,Water in the elemental hierarchy summarized from Golden Dawn / 777-style material.,West,direction,,,,direction_of,Direction,Element hierarchy summary,,0.9,elements,
golden_dawn_777_starter,Golden Dawn / Crowley 777 Starter,"Starter dataset grounded in Golden Dawn style Tree of Life correspondences, Hermetic Library summaries, and a small number of clearly marked editorial rollups for practical planet lookups.",Caduceus Malkuth,Malkuth,Hermetic Library web text,,"Colin Low, ""Malkuth,"" Caduceus / Hermetic Library.",https://hermetic.com/caduceus/qabalah/041_kab,,,Water,element,Water in the elemental hierarchy summarized from Golden Dawn / 777-style material.,Eheieh,divine_name,,,,divine_name_of,Divine Name,Element hierarchy summary,,0.9,elements,
golden_dawn_777_starter,Golden Dawn / Crowley 777 Starter,"Starter dataset grounded in Golden Dawn style Tree of Life correspondences, Hermetic Library summaries, and a small number of clearly marked editorial rollups for practical planet lookups.",Caduceus Malkuth,Malkuth,Hermetic Library web text,,"Colin Low, ""Malkuth,"" Caduceus / Hermetic Library.",https://hermetic.com/caduceus/qabalah/041_kab,,,Water,element,Water in the elemental hierarchy summarized from Golden Dawn / 777-style material.,Gabriel,angel,,,,archangel_of,Archangel,Element hierarchy summary,,0.9,elements,
golden_dawn_777_starter,Golden Dawn / Crowley 777 Starter,"Starter dataset grounded in Golden Dawn style Tree of Life correspondences, Hermetic Library summaries, and a small number of clearly marked editorial rollups for practical planet lookups.",Caduceus Malkuth,Malkuth,Hermetic Library web text,,"Colin Low, ""Malkuth,"" Caduceus / Hermetic Library.",https://hermetic.com/caduceus/qabalah/041_kab,,,Water,element,Water in the elemental hierarchy summarized from Golden Dawn / 777-style material.,Nichsa,spirit,,,,elemental_king_of,Elemental King,Element hierarchy summary,,0.85,elements,
golden_dawn_777_starter,Golden Dawn / Crowley 777 Starter,"Starter dataset grounded in Golden Dawn style Tree of Life correspondences, Hermetic Library summaries, and a small number of clearly marked editorial rollups for practical planet lookups.",Caduceus Malkuth,Malkuth,Hermetic Library web text,,"Colin Low, ""Malkuth,"" Caduceus / Hermetic Library.",https://hermetic.com/caduceus/qabalah/041_kab,,,Water,element,Water in the elemental hierarchy summarized from Golden Dawn / 777-style material.,Undines,elemental_beings,,,,elementals_of,Elementals,Element hierarchy summary,,0.85,elements,
golden_dawn_777_starter,Golden Dawn / Crowley 777 Starter,"Starter dataset grounded in Golden Dawn style Tree of Life correspondences, Hermetic Library summaries, and a small number of clearly marked editorial rollups for practical planet lookups.",Caduceus Malkuth,Malkuth,Hermetic Library web text,,"Colin Low, ""Malkuth,"" Caduceus / Hermetic Library.",https://hermetic.com/caduceus/qabalah/041_kab,,,Earth,element,Earth in the elemental hierarchy summarized from Golden Dawn / 777-style material.,North,direction,,,,direction_of,Direction,Element hierarchy summary,,0.9,elements,
golden_dawn_777_starter,Golden Dawn / Crowley 777 Starter,"Starter dataset grounded in Golden Dawn style Tree of Life correspondences, Hermetic Library summaries, and a small number of clearly marked editorial rollups for practical planet lookups.",Caduceus Malkuth,Malkuth,Hermetic Library web text,,"Colin Low, ""Malkuth,"" Caduceus / Hermetic Library.",https://hermetic.com/caduceus/qabalah/041_kab,,,Earth,element,Earth in the elemental hierarchy summarized from Golden Dawn / 777-style material.,Agla,divine_name,,,,divine_name_of,Divine Name,Element hierarchy summary,,0.9,elements,
golden_dawn_777_starter,Golden Dawn / Crowley 777 Starter,"Starter dataset grounded in Golden Dawn style Tree of Life correspondences, Hermetic Library summaries, and a small number of clearly marked editorial rollups for practical planet lookups.",Caduceus Malkuth,Malkuth,Hermetic Library web text,,"Colin Low, ""Malkuth,"" Caduceus / Hermetic Library.",https://hermetic.com/caduceus/qabalah/041_kab,,,Earth,element,Earth in the elemental hierarchy summarized from Golden Dawn / 777-style material.,Uriel,angel,,,,archangel_of,Archangel,Element hierarchy summary,,0.9,elements,
golden_dawn_777_starter,Golden Dawn / Crowley 777 Starter,"Starter dataset grounded in Golden Dawn style Tree of Life correspondences, Hermetic Library summaries, and a small number of clearly marked editorial rollups for practical planet lookups.",Caduceus Malkuth,Malkuth,Hermetic Library web text,,"Colin Low, ""Malkuth,"" Caduceus / Hermetic Library.",https://hermetic.com/caduceus/qabalah/041_kab,,,Earth,element,Earth in the elemental hierarchy summarized from Golden Dawn / 777-style material.,Ghob,spirit,,,,elemental_king_of,Elemental King,Element hierarchy summary,,0.85,elements,
golden_dawn_777_starter,Golden Dawn / Crowley 777 Starter,"Starter dataset grounded in Golden Dawn style Tree of Life correspondences, Hermetic Library summaries, and a small number of clearly marked editorial rollups for practical planet lookups.",Caduceus Malkuth,Malkuth,Hermetic Library web text,,"Colin Low, ""Malkuth,"" Caduceus / Hermetic Library.",https://hermetic.com/caduceus/qabalah/041_kab,,,Earth,element,Earth in the elemental hierarchy summarized from Golden Dawn / 777-style material.,Gnomes,elemental_beings,,,,elementals_of,Elementals,Element hierarchy summary,,0.85,elements,
golden_dawn_777_starter,Golden Dawn / Crowley 777 Starter,"Starter dataset grounded in Golden Dawn style Tree of Life correspondences, Hermetic Library summaries, and a small number of clearly marked editorial rollups for practical planet lookups.",JWMT Tree,The Tree of Life: Filing Cabinet of the Western Mystery Tradition and Methods to Recall the Information,Hermetic Library web text,,"Samuel Scarborough, ""The Tree of Life: Filing Cabinet of the Western Mystery Tradition and Methods to Recall the Information,"" Journal of the Western Mystery Tradition / Hermetic Library.",https://hermetic.com/jwmt/v1n3/treeoflife,,,Saturn,planet,"Editorial planet rollup for Saturn, projected from the corresponding sephirah in this same Golden Dawn lineage.",Binah,sephirah,,,,sephirah_correspondence,Sephirah,Binah Correspondences,Editorial convenience row derived from the associated sephirah profile in the same Golden Dawn / 777-style system; useful for direct planet lookup.,0.8,planet_rollup,true
golden_dawn_777_starter,Golden Dawn / Crowley 777 Starter,"Starter dataset grounded in Golden Dawn style Tree of Life correspondences, Hermetic Library summaries, and a small number of clearly marked editorial rollups for practical planet lookups.",JWMT Tree,The Tree of Life: Filing Cabinet of the Western Mystery Tradition and Methods to Recall the Information,Hermetic Library web text,,"Samuel Scarborough, ""The Tree of Life: Filing Cabinet of the Western Mystery Tradition and Methods to Recall the Information,"" Journal of the Western Mystery Tradition / Hermetic Library.",https://hermetic.com/jwmt/v1n3/treeoflife,,,Saturn,planet,"Editorial planet rollup for Saturn, projected from the corresponding sephirah in this same Golden Dawn lineage.",3,number,,,,number_of,Number,Binah Correspondences,Editorial convenience row derived from the associated sephirah profile in the same Golden Dawn / 777-style system; useful for direct planet lookup.,0.8,planet_rollup,true
golden_dawn_777_starter,Golden Dawn / Crowley 777 Starter,"Starter dataset grounded in Golden Dawn style Tree of Life correspondences, Hermetic Library summaries, and a small number of clearly marked editorial rollups for practical planet lookups.",JWMT Tree,The Tree of Life: Filing Cabinet of the Western Mystery Tradition and Methods to Recall the Information,Hermetic Library web text,,"Samuel Scarborough, ""The Tree of Life: Filing Cabinet of the Western Mystery Tradition and Methods to Recall the Information,"" Journal of the Western Mystery Tradition / Hermetic Library.",https://hermetic.com/jwmt/v1n3/treeoflife,,,Saturn,planet,"Editorial planet rollup for Saturn, projected from the corresponding sephirah in this same Golden Dawn lineage.",Black,color,,,,color_of,Color,Binah Correspondences,Editorial convenience row derived from the associated sephirah profile in the same Golden Dawn / 777-style system; useful for direct planet lookup.,0.8,planet_rollup,true
golden_dawn_777_starter,Golden Dawn / Crowley 777 Starter,"Starter dataset grounded in Golden Dawn style Tree of Life correspondences, Hermetic Library summaries, and a small number of clearly marked editorial rollups for practical planet lookups.",JWMT Tree,The Tree of Life: Filing Cabinet of the Western Mystery Tradition and Methods to Recall the Information,Hermetic Library web text,,"Samuel Scarborough, ""The Tree of Life: Filing Cabinet of the Western Mystery Tradition and Methods to Recall the Information,"" Journal of the Western Mystery Tradition / Hermetic Library.",https://hermetic.com/jwmt/v1n3/treeoflife,,,Saturn,planet,"Editorial planet rollup for Saturn, projected from the corresponding sephirah in this same Golden Dawn lineage.",Lead,metal,,,,metal_of,Metal,Binah Correspondences,Editorial convenience row derived from the associated sephirah profile in the same Golden Dawn / 777-style system; useful for direct planet lookup.,0.8,planet_rollup,true
golden_dawn_777_starter,Golden Dawn / Crowley 777 Starter,"Starter dataset grounded in Golden Dawn style Tree of Life correspondences, Hermetic Library summaries, and a small number of clearly marked editorial rollups for practical planet lookups.",JWMT Tree,The Tree of Life: Filing Cabinet of the Western Mystery Tradition and Methods to Recall the Information,Hermetic Library web text,,"Samuel Scarborough, ""The Tree of Life: Filing Cabinet of the Western Mystery Tradition and Methods to Recall the Information,"" Journal of the Western Mystery Tradition / Hermetic Library.",https://hermetic.com/jwmt/v1n3/treeoflife,,,Saturn,planet,"Editorial planet rollup for Saturn, projected from the corresponding sephirah in this same Golden Dawn lineage.",Tzaphqiel,angel,,,,archangel_of,Archangel,Binah Correspondences,Editorial convenience row derived from the associated sephirah profile in the same Golden Dawn / 777-style system; useful for direct planet lookup.,0.8,planet_rollup,true
golden_dawn_777_starter,Golden Dawn / Crowley 777 Starter,"Starter dataset grounded in Golden Dawn style Tree of Life correspondences, Hermetic Library summaries, and a small number of clearly marked editorial rollups for practical planet lookups.",JWMT Tree,The Tree of Life: Filing Cabinet of the Western Mystery Tradition and Methods to Recall the Information,Hermetic Library web text,,"Samuel Scarborough, ""The Tree of Life: Filing Cabinet of the Western Mystery Tradition and Methods to Recall the Information,"" Journal of the Western Mystery Tradition / Hermetic Library.",https://hermetic.com/jwmt/v1n3/treeoflife,,,Saturn,planet,"Editorial planet rollup for Saturn, projected from the corresponding sephirah in this same Golden Dawn lineage.",Pearl,stone,,,,stone_of,Stone,Binah Correspondences,Editorial convenience row derived from the associated sephirah profile in the same Golden Dawn / 777-style system; useful for direct planet lookup.,0.8,planet_rollup,true
golden_dawn_777_starter,Golden Dawn / Crowley 777 Starter,"Starter dataset grounded in Golden Dawn style Tree of Life correspondences, Hermetic Library summaries, and a small number of clearly marked editorial rollups for practical planet lookups.",JWMT Tree,The Tree of Life: Filing Cabinet of the Western Mystery Tradition and Methods to Recall the Information,Hermetic Library web text,,"Samuel Scarborough, ""The Tree of Life: Filing Cabinet of the Western Mystery Tradition and Methods to Recall the Information,"" Journal of the Western Mystery Tradition / Hermetic Library.",https://hermetic.com/jwmt/v1n3/treeoflife,,,Saturn,planet,"Editorial planet rollup for Saturn, projected from the corresponding sephirah in this same Golden Dawn lineage.",Cypress,plant,,,,plant_of,Plant,Binah Correspondences,Editorial convenience row derived from the associated sephirah profile in the same Golden Dawn / 777-style system; useful for direct planet lookup.,0.8,planet_rollup,true
golden_dawn_777_starter,Golden Dawn / Crowley 777 Starter,"Starter dataset grounded in Golden Dawn style Tree of Life correspondences, Hermetic Library summaries, and a small number of clearly marked editorial rollups for practical planet lookups.",JWMT Tree,The Tree of Life: Filing Cabinet of the Western Mystery Tradition and Methods to Recall the Information,Hermetic Library web text,,"Samuel Scarborough, ""The Tree of Life: Filing Cabinet of the Western Mystery Tradition and Methods to Recall the Information,"" Journal of the Western Mystery Tradition / Hermetic Library.",https://hermetic.com/jwmt/v1n3/treeoflife,,,Saturn,planet,"Editorial planet rollup for Saturn, projected from the corresponding sephirah in this same Golden Dawn lineage.",Myrrh,perfume,,,,perfume_of,Perfume,Binah Correspondences,Editorial convenience row derived from the associated sephirah profile in the same Golden Dawn / 777-style system; useful for direct planet lookup.,0.8,planet_rollup,true
golden_dawn_777_starter,Golden Dawn / Crowley 777 Starter,"Starter dataset grounded in Golden Dawn style Tree of Life correspondences, Hermetic Library summaries, and a small number of clearly marked editorial rollups for practical planet lookups.",Planetary Hours,Planetary hours,Wikipedia web article,,"""Planetary hours,"" Wikipedia.",https://en.wikipedia.org/wiki/Planetary_hours,,,Saturn,planet,"Editorial planet rollup for Saturn, projected from the corresponding sephirah in this same Golden Dawn lineage.",Saturday,day,,,,day_of,Day,Planetary weekday sequence,Traditional planetary week.,0.9,planet_rollup,true
golden_dawn_777_starter,Golden Dawn / Crowley 777 Starter,"Starter dataset grounded in Golden Dawn style Tree of Life correspondences, Hermetic Library summaries, and a small number of clearly marked editorial rollups for practical planet lookups.",JWMT Tree,The Tree of Life: Filing Cabinet of the Western Mystery Tradition and Methods to Recall the Information,Hermetic Library web text,,"Samuel Scarborough, ""The Tree of Life: Filing Cabinet of the Western Mystery Tradition and Methods to Recall the Information,"" Journal of the Western Mystery Tradition / Hermetic Library.",https://hermetic.com/jwmt/v1n3/treeoflife,,,Jupiter,planet,"Editorial planet rollup for Jupiter, projected from the corresponding sephirah in this same Golden Dawn lineage.",Chesed,sephirah,,,,sephirah_correspondence,Sephirah,Chesed Correspondences,Editorial convenience row derived from the associated sephirah profile in the same Golden Dawn / 777-style system; useful for direct planet lookup.,0.8,planet_rollup,true
golden_dawn_777_starter,Golden Dawn / Crowley 777 Starter,"Starter dataset grounded in Golden Dawn style Tree of Life correspondences, Hermetic Library summaries, and a small number of clearly marked editorial rollups for practical planet lookups.",JWMT Tree,The Tree of Life: Filing Cabinet of the Western Mystery Tradition and Methods to Recall the Information,Hermetic Library web text,,"Samuel Scarborough, ""The Tree of Life: Filing Cabinet of the Western Mystery Tradition and Methods to Recall the Information,"" Journal of the Western Mystery Tradition / Hermetic Library.",https://hermetic.com/jwmt/v1n3/treeoflife,,,Jupiter,planet,"Editorial planet rollup for Jupiter, projected from the corresponding sephirah in this same Golden Dawn lineage.",4,number,,,,number_of,Number,Chesed Correspondences,Editorial convenience row derived from the associated sephirah profile in the same Golden Dawn / 777-style system; useful for direct planet lookup.,0.8,planet_rollup,true
golden_dawn_777_starter,Golden Dawn / Crowley 777 Starter,"Starter dataset grounded in Golden Dawn style Tree of Life correspondences, Hermetic Library summaries, and a small number of clearly marked editorial rollups for practical planet lookups.",JWMT Tree,The Tree of Life: Filing Cabinet of the Western Mystery Tradition and Methods to Recall the Information,Hermetic Library web text,,"Samuel Scarborough, ""The Tree of Life: Filing Cabinet of the Western Mystery Tradition and Methods to Recall the Information,"" Journal of the Western Mystery Tradition / Hermetic Library.",https://hermetic.com/jwmt/v1n3/treeoflife,,,Jupiter,planet,"Editorial planet rollup for Jupiter, projected from the corresponding sephirah in this same Golden Dawn lineage.",Blue,color,,,,color_of,Color,Chesed Correspondences,Editorial convenience row derived from the associated sephirah profile in the same Golden Dawn / 777-style system; useful for direct planet lookup.,0.8,planet_rollup,true
golden_dawn_777_starter,Golden Dawn / Crowley 777 Starter,"Starter dataset grounded in Golden Dawn style Tree of Life correspondences, Hermetic Library summaries, and a small number of clearly marked editorial rollups for practical planet lookups.",JWMT Tree,The Tree of Life: Filing Cabinet of the Western Mystery Tradition and Methods to Recall the Information,Hermetic Library web text,,"Samuel Scarborough, ""The Tree of Life: Filing Cabinet of the Western Mystery Tradition and Methods to Recall the Information,"" Journal of the Western Mystery Tradition / Hermetic Library.",https://hermetic.com/jwmt/v1n3/treeoflife,,,Jupiter,planet,"Editorial planet rollup for Jupiter, projected from the corresponding sephirah in this same Golden Dawn lineage.",Tin,metal,,,,metal_of,Metal,Chesed Correspondences,Editorial convenience row derived from the associated sephirah profile in the same Golden Dawn / 777-style system; useful for direct planet lookup.,0.8,planet_rollup,true
golden_dawn_777_starter,Golden Dawn / Crowley 777 Starter,"Starter dataset grounded in Golden Dawn style Tree of Life correspondences, Hermetic Library summaries, and a small number of clearly marked editorial rollups for practical planet lookups.",JWMT Tree,The Tree of Life: Filing Cabinet of the Western Mystery Tradition and Methods to Recall the Information,Hermetic Library web text,,"Samuel Scarborough, ""The Tree of Life: Filing Cabinet of the Western Mystery Tradition and Methods to Recall the Information,"" Journal of the Western Mystery Tradition / Hermetic Library.",https://hermetic.com/jwmt/v1n3/treeoflife,,,Jupiter,planet,"Editorial planet rollup for Jupiter, projected from the corresponding sephirah in this same Golden Dawn lineage.",Tzadqiel,angel,,,,archangel_of,Archangel,Chesed Correspondences,Editorial convenience row derived from the associated sephirah profile in the same Golden Dawn / 777-style system; useful for direct planet lookup.,0.8,planet_rollup,true
golden_dawn_777_starter,Golden Dawn / Crowley 777 Starter,"Starter dataset grounded in Golden Dawn style Tree of Life correspondences, Hermetic Library summaries, and a small number of clearly marked editorial rollups for practical planet lookups.",JWMT Tree,The Tree of Life: Filing Cabinet of the Western Mystery Tradition and Methods to Recall the Information,Hermetic Library web text,,"Samuel Scarborough, ""The Tree of Life: Filing Cabinet of the Western Mystery Tradition and Methods to Recall the Information,"" Journal of the Western Mystery Tradition / Hermetic Library.",https://hermetic.com/jwmt/v1n3/treeoflife,,,Jupiter,planet,"Editorial planet rollup for Jupiter, projected from the corresponding sephirah in this same Golden Dawn lineage.",Sapphire,stone,,,,stone_of,Stone,Chesed Correspondences,Editorial convenience row derived from the associated sephirah profile in the same Golden Dawn / 777-style system; useful for direct planet lookup.,0.8,planet_rollup,true
golden_dawn_777_starter,Golden Dawn / Crowley 777 Starter,"Starter dataset grounded in Golden Dawn style Tree of Life correspondences, Hermetic Library summaries, and a small number of clearly marked editorial rollups for practical planet lookups.",JWMT Tree,The Tree of Life: Filing Cabinet of the Western Mystery Tradition and Methods to Recall the Information,Hermetic Library web text,,"Samuel Scarborough, ""The Tree of Life: Filing Cabinet of the Western Mystery Tradition and Methods to Recall the Information,"" Journal of the Western Mystery Tradition / Hermetic Library.",https://hermetic.com/jwmt/v1n3/treeoflife,,,Jupiter,planet,"Editorial planet rollup for Jupiter, projected from the corresponding sephirah in this same Golden Dawn lineage.",Rush,plant,,,,plant_of,Plant,Chesed Correspondences,Editorial convenience row derived from the associated sephirah profile in the same Golden Dawn / 777-style system; useful for direct planet lookup.,0.8,planet_rollup,true
golden_dawn_777_starter,Golden Dawn / Crowley 777 Starter,"Starter dataset grounded in Golden Dawn style Tree of Life correspondences, Hermetic Library summaries, and a small number of clearly marked editorial rollups for practical planet lookups.",JWMT Tree,The Tree of Life: Filing Cabinet of the Western Mystery Tradition and Methods to Recall the Information,Hermetic Library web text,,"Samuel Scarborough, ""The Tree of Life: Filing Cabinet of the Western Mystery Tradition and Methods to Recall the Information,"" Journal of the Western Mystery Tradition / Hermetic Library.",https://hermetic.com/jwmt/v1n3/treeoflife,,,Jupiter,planet,"Editorial planet rollup for Jupiter, projected from the corresponding sephirah in this same Golden Dawn lineage.",Cedar,perfume,,,,perfume_of,Perfume,Chesed Correspondences,Editorial convenience row derived from the associated sephirah profile in the same Golden Dawn / 777-style system; useful for direct planet lookup.,0.8,planet_rollup,true
golden_dawn_777_starter,Golden Dawn / Crowley 777 Starter,"Starter dataset grounded in Golden Dawn style Tree of Life correspondences, Hermetic Library summaries, and a small number of clearly marked editorial rollups for practical planet lookups.",Planetary Hours,Planetary hours,Wikipedia web article,,"""Planetary hours,"" Wikipedia.",https://en.wikipedia.org/wiki/Planetary_hours,,,Jupiter,planet,"Editorial planet rollup for Jupiter, projected from the corresponding sephirah in this same Golden Dawn lineage.",Thursday,day,,,,day_of,Day,Planetary weekday sequence,Traditional planetary week.,0.9,planet_rollup,true
golden_dawn_777_starter,Golden Dawn / Crowley 777 Starter,"Starter dataset grounded in Golden Dawn style Tree of Life correspondences, Hermetic Library summaries, and a small number of clearly marked editorial rollups for practical planet lookups.",JWMT Tree,The Tree of Life: Filing Cabinet of the Western Mystery Tradition and Methods to Recall the Information,Hermetic Library web text,,"Samuel Scarborough, ""The Tree of Life: Filing Cabinet of the Western Mystery Tradition and Methods to Recall the Information,"" Journal of the Western Mystery Tradition / Hermetic Library.",https://hermetic.com/jwmt/v1n3/treeoflife,,,Mars,planet,"Editorial planet rollup for Mars, projected from the corresponding sephirah in this same Golden Dawn lineage.",Geburah,sephirah,,,,sephirah_correspondence,Sephirah,Geburah Correspondences,Editorial convenience row derived from the associated sephirah profile in the same Golden Dawn / 777-style system; useful for direct planet lookup.,0.8,planet_rollup,true
golden_dawn_777_starter,Golden Dawn / Crowley 777 Starter,"Starter dataset grounded in Golden Dawn style Tree of Life correspondences, Hermetic Library summaries, and a small number of clearly marked editorial rollups for practical planet lookups.",JWMT Tree,The Tree of Life: Filing Cabinet of the Western Mystery Tradition and Methods to Recall the Information,Hermetic Library web text,,"Samuel Scarborough, ""The Tree of Life: Filing Cabinet of the Western Mystery Tradition and Methods to Recall the Information,"" Journal of the Western Mystery Tradition / Hermetic Library.",https://hermetic.com/jwmt/v1n3/treeoflife,,,Mars,planet,"Editorial planet rollup for Mars, projected from the corresponding sephirah in this same Golden Dawn lineage.",5,number,,,,number_of,Number,Geburah Correspondences,Editorial convenience row derived from the associated sephirah profile in the same Golden Dawn / 777-style system; useful for direct planet lookup.,0.8,planet_rollup,true
golden_dawn_777_starter,Golden Dawn / Crowley 777 Starter,"Starter dataset grounded in Golden Dawn style Tree of Life correspondences, Hermetic Library summaries, and a small number of clearly marked editorial rollups for practical planet lookups.",JWMT Tree,The Tree of Life: Filing Cabinet of the Western Mystery Tradition and Methods to Recall the Information,Hermetic Library web text,,"Samuel Scarborough, ""The Tree of Life: Filing Cabinet of the Western Mystery Tradition and Methods to Recall the Information,"" Journal of the Western Mystery Tradition / Hermetic Library.",https://hermetic.com/jwmt/v1n3/treeoflife,,,Mars,planet,"Editorial planet rollup for Mars, projected from the corresponding sephirah in this same Golden Dawn lineage.",Scarlet,color,,,,color_of,Color,Geburah Correspondences,Editorial convenience row derived from the associated sephirah profile in the same Golden Dawn / 777-style system; useful for direct planet lookup.,0.8,planet_rollup,true
golden_dawn_777_starter,Golden Dawn / Crowley 777 Starter,"Starter dataset grounded in Golden Dawn style Tree of Life correspondences, Hermetic Library summaries, and a small number of clearly marked editorial rollups for practical planet lookups.",JWMT Tree,The Tree of Life: Filing Cabinet of the Western Mystery Tradition and Methods to Recall the Information,Hermetic Library web text,,"Samuel Scarborough, ""The Tree of Life: Filing Cabinet of the Western Mystery Tradition and Methods to Recall the Information,"" Journal of the Western Mystery Tradition / Hermetic Library.",https://hermetic.com/jwmt/v1n3/treeoflife,,,Mars,planet,"Editorial planet rollup for Mars, projected from the corresponding sephirah in this same Golden Dawn lineage.",Iron,metal,,,,metal_of,Metal,Geburah Correspondences,Editorial convenience row derived from the associated sephirah profile in the same Golden Dawn / 777-style system; useful for direct planet lookup.,0.8,planet_rollup,true
golden_dawn_777_starter,Golden Dawn / Crowley 777 Starter,"Starter dataset grounded in Golden Dawn style Tree of Life correspondences, Hermetic Library summaries, and a small number of clearly marked editorial rollups for practical planet lookups.",JWMT Tree,The Tree of Life: Filing Cabinet of the Western Mystery Tradition and Methods to Recall the Information,Hermetic Library web text,,"Samuel Scarborough, ""The Tree of Life: Filing Cabinet of the Western Mystery Tradition and Methods to Recall the Information,"" Journal of the Western Mystery Tradition / Hermetic Library.",https://hermetic.com/jwmt/v1n3/treeoflife,,,Mars,planet,"Editorial planet rollup for Mars, projected from the corresponding sephirah in this same Golden Dawn lineage.",Kamael,angel,,,,archangel_of,Archangel,Geburah Correspondences,Editorial convenience row derived from the associated sephirah profile in the same Golden Dawn / 777-style system; useful for direct planet lookup.,0.8,planet_rollup,true
golden_dawn_777_starter,Golden Dawn / Crowley 777 Starter,"Starter dataset grounded in Golden Dawn style Tree of Life correspondences, Hermetic Library summaries, and a small number of clearly marked editorial rollups for practical planet lookups.",JWMT Tree,The Tree of Life: Filing Cabinet of the Western Mystery Tradition and Methods to Recall the Information,Hermetic Library web text,,"Samuel Scarborough, ""The Tree of Life: Filing Cabinet of the Western Mystery Tradition and Methods to Recall the Information,"" Journal of the Western Mystery Tradition / Hermetic Library.",https://hermetic.com/jwmt/v1n3/treeoflife,,,Mars,planet,"Editorial planet rollup for Mars, projected from the corresponding sephirah in this same Golden Dawn lineage.",Ruby,stone,,,,stone_of,Stone,Geburah Correspondences,Editorial convenience row derived from the associated sephirah profile in the same Golden Dawn / 777-style system; useful for direct planet lookup.,0.8,planet_rollup,true
golden_dawn_777_starter,Golden Dawn / Crowley 777 Starter,"Starter dataset grounded in Golden Dawn style Tree of Life correspondences, Hermetic Library summaries, and a small number of clearly marked editorial rollups for practical planet lookups.",JWMT Tree,The Tree of Life: Filing Cabinet of the Western Mystery Tradition and Methods to Recall the Information,Hermetic Library web text,,"Samuel Scarborough, ""The Tree of Life: Filing Cabinet of the Western Mystery Tradition and Methods to Recall the Information,"" Journal of the Western Mystery Tradition / Hermetic Library.",https://hermetic.com/jwmt/v1n3/treeoflife,,,Mars,planet,"Editorial planet rollup for Mars, projected from the corresponding sephirah in this same Golden Dawn lineage.",Cactus,plant,,,,plant_of,Plant,Geburah Correspondences,Editorial convenience row derived from the associated sephirah profile in the same Golden Dawn / 777-style system; useful for direct planet lookup.,0.8,planet_rollup,true
golden_dawn_777_starter,Golden Dawn / Crowley 777 Starter,"Starter dataset grounded in Golden Dawn style Tree of Life correspondences, Hermetic Library summaries, and a small number of clearly marked editorial rollups for practical planet lookups.",JWMT Tree,The Tree of Life: Filing Cabinet of the Western Mystery Tradition and Methods to Recall the Information,Hermetic Library web text,,"Samuel Scarborough, ""The Tree of Life: Filing Cabinet of the Western Mystery Tradition and Methods to Recall the Information,"" Journal of the Western Mystery Tradition / Hermetic Library.",https://hermetic.com/jwmt/v1n3/treeoflife,,,Mars,planet,"Editorial planet rollup for Mars, projected from the corresponding sephirah in this same Golden Dawn lineage.",Tobacco,perfume,,,,perfume_of,Perfume,Geburah Correspondences,Editorial convenience row derived from the associated sephirah profile in the same Golden Dawn / 777-style system; useful for direct planet lookup.,0.8,planet_rollup,true
golden_dawn_777_starter,Golden Dawn / Crowley 777 Starter,"Starter dataset grounded in Golden Dawn style Tree of Life correspondences, Hermetic Library summaries, and a small number of clearly marked editorial rollups for practical planet lookups.",Planetary Hours,Planetary hours,Wikipedia web article,,"""Planetary hours,"" Wikipedia.",https://en.wikipedia.org/wiki/Planetary_hours,,,Mars,planet,"Editorial planet rollup for Mars, projected from the corresponding sephirah in this same Golden Dawn lineage.",Tuesday,day,,,,day_of,Day,Planetary weekday sequence,Traditional planetary week.,0.9,planet_rollup,true
golden_dawn_777_starter,Golden Dawn / Crowley 777 Starter,"Starter dataset grounded in Golden Dawn style Tree of Life correspondences, Hermetic Library summaries, and a small number of clearly marked editorial rollups for practical planet lookups.",JWMT Tree,The Tree of Life: Filing Cabinet of the Western Mystery Tradition and Methods to Recall the Information,Hermetic Library web text,,"Samuel Scarborough, ""The Tree of Life: Filing Cabinet of the Western Mystery Tradition and Methods to Recall the Information,"" Journal of the Western Mystery Tradition / Hermetic Library.",https://hermetic.com/jwmt/v1n3/treeoflife,,,Sun,planet,"Editorial planet rollup for Sun, projected from the corresponding sephirah in this same Golden Dawn lineage.",Tiphareth,sephirah,,,,sephirah_correspondence,Sephirah,Tiphareth Correspondences,Editorial convenience row derived from the associated sephirah profile in the same Golden Dawn / 777-style system; useful for direct planet lookup.,0.8,planet_rollup,true
golden_dawn_777_starter,Golden Dawn / Crowley 777 Starter,"Starter dataset grounded in Golden Dawn style Tree of Life correspondences, Hermetic Library summaries, and a small number of clearly marked editorial rollups for practical planet lookups.",JWMT Tree,The Tree of Life: Filing Cabinet of the Western Mystery Tradition and Methods to Recall the Information,Hermetic Library web text,,"Samuel Scarborough, ""The Tree of Life: Filing Cabinet of the Western Mystery Tradition and Methods to Recall the Information,"" Journal of the Western Mystery Tradition / Hermetic Library.",https://hermetic.com/jwmt/v1n3/treeoflife,,,Sun,planet,"Editorial planet rollup for Sun, projected from the corresponding sephirah in this same Golden Dawn lineage.",6,number,,,,number_of,Number,Tiphareth Correspondences,Editorial convenience row derived from the associated sephirah profile in the same Golden Dawn / 777-style system; useful for direct planet lookup.,0.8,planet_rollup,true
golden_dawn_777_starter,Golden Dawn / Crowley 777 Starter,"Starter dataset grounded in Golden Dawn style Tree of Life correspondences, Hermetic Library summaries, and a small number of clearly marked editorial rollups for practical planet lookups.",JWMT Tree,The Tree of Life: Filing Cabinet of the Western Mystery Tradition and Methods to Recall the Information,Hermetic Library web text,,"Samuel Scarborough, ""The Tree of Life: Filing Cabinet of the Western Mystery Tradition and Methods to Recall the Information,"" Journal of the Western Mystery Tradition / Hermetic Library.",https://hermetic.com/jwmt/v1n3/treeoflife,,,Sun,planet,"Editorial planet rollup for Sun, projected from the corresponding sephirah in this same Golden Dawn lineage.",Gold,color,,,,color_of,Color,Tiphareth Correspondences,Editorial convenience row derived from the associated sephirah profile in the same Golden Dawn / 777-style system; useful for direct planet lookup.,0.8,planet_rollup,true
golden_dawn_777_starter,Golden Dawn / Crowley 777 Starter,"Starter dataset grounded in Golden Dawn style Tree of Life correspondences, Hermetic Library summaries, and a small number of clearly marked editorial rollups for practical planet lookups.",JWMT Tree,The Tree of Life: Filing Cabinet of the Western Mystery Tradition and Methods to Recall the Information,Hermetic Library web text,,"Samuel Scarborough, ""The Tree of Life: Filing Cabinet of the Western Mystery Tradition and Methods to Recall the Information,"" Journal of the Western Mystery Tradition / Hermetic Library.",https://hermetic.com/jwmt/v1n3/treeoflife,,,Sun,planet,"Editorial planet rollup for Sun, projected from the corresponding sephirah in this same Golden Dawn lineage.",Gold,metal,,,,metal_of,Metal,Tiphareth Correspondences,Editorial convenience row derived from the associated sephirah profile in the same Golden Dawn / 777-style system; useful for direct planet lookup.,0.8,planet_rollup,true
golden_dawn_777_starter,Golden Dawn / Crowley 777 Starter,"Starter dataset grounded in Golden Dawn style Tree of Life correspondences, Hermetic Library summaries, and a small number of clearly marked editorial rollups for practical planet lookups.",JWMT Tree,The Tree of Life: Filing Cabinet of the Western Mystery Tradition and Methods to Recall the Information,Hermetic Library web text,,"Samuel Scarborough, ""The Tree of Life: Filing Cabinet of the Western Mystery Tradition and Methods to Recall the Information,"" Journal of the Western Mystery Tradition / Hermetic Library.",https://hermetic.com/jwmt/v1n3/treeoflife,,,Sun,planet,"Editorial planet rollup for Sun, projected from the corresponding sephirah in this same Golden Dawn lineage.",Raphael,angel,,,,archangel_of,Archangel,Tiphareth Correspondences,Editorial convenience row derived from the associated sephirah profile in the same Golden Dawn / 777-style system; useful for direct planet lookup.,0.8,planet_rollup,true
golden_dawn_777_starter,Golden Dawn / Crowley 777 Starter,"Starter dataset grounded in Golden Dawn style Tree of Life correspondences, Hermetic Library summaries, and a small number of clearly marked editorial rollups for practical planet lookups.",JWMT Tree,The Tree of Life: Filing Cabinet of the Western Mystery Tradition and Methods to Recall the Information,Hermetic Library web text,,"Samuel Scarborough, ""The Tree of Life: Filing Cabinet of the Western Mystery Tradition and Methods to Recall the Information,"" Journal of the Western Mystery Tradition / Hermetic Library.",https://hermetic.com/jwmt/v1n3/treeoflife,,,Sun,planet,"Editorial planet rollup for Sun, projected from the corresponding sephirah in this same Golden Dawn lineage.",Topaz,stone,,,,stone_of,Stone,Tiphareth Correspondences,Editorial convenience row derived from the associated sephirah profile in the same Golden Dawn / 777-style system; useful for direct planet lookup.,0.8,planet_rollup,true
golden_dawn_777_starter,Golden Dawn / Crowley 777 Starter,"Starter dataset grounded in Golden Dawn style Tree of Life correspondences, Hermetic Library summaries, and a small number of clearly marked editorial rollups for practical planet lookups.",JWMT Tree,The Tree of Life: Filing Cabinet of the Western Mystery Tradition and Methods to Recall the Information,Hermetic Library web text,,"Samuel Scarborough, ""The Tree of Life: Filing Cabinet of the Western Mystery Tradition and Methods to Recall the Information,"" Journal of the Western Mystery Tradition / Hermetic Library.",https://hermetic.com/jwmt/v1n3/treeoflife,,,Sun,planet,"Editorial planet rollup for Sun, projected from the corresponding sephirah in this same Golden Dawn lineage.",Sunflower,plant,,,,plant_of,Plant,Tiphareth Correspondences,Editorial convenience row derived from the associated sephirah profile in the same Golden Dawn / 777-style system; useful for direct planet lookup.,0.8,planet_rollup,true
golden_dawn_777_starter,Golden Dawn / Crowley 777 Starter,"Starter dataset grounded in Golden Dawn style Tree of Life correspondences, Hermetic Library summaries, and a small number of clearly marked editorial rollups for practical planet lookups.",JWMT Tree,The Tree of Life: Filing Cabinet of the Western Mystery Tradition and Methods to Recall the Information,Hermetic Library web text,,"Samuel Scarborough, ""The Tree of Life: Filing Cabinet of the Western Mystery Tradition and Methods to Recall the Information,"" Journal of the Western Mystery Tradition / Hermetic Library.",https://hermetic.com/jwmt/v1n3/treeoflife,,,Sun,planet,"Editorial planet rollup for Sun, projected from the corresponding sephirah in this same Golden Dawn lineage.",Frankincense,perfume,,,,perfume_of,Perfume,Tiphareth Correspondences,Editorial convenience row derived from the associated sephirah profile in the same Golden Dawn / 777-style system; useful for direct planet lookup.,0.8,planet_rollup,true
golden_dawn_777_starter,Golden Dawn / Crowley 777 Starter,"Starter dataset grounded in Golden Dawn style Tree of Life correspondences, Hermetic Library summaries, and a small number of clearly marked editorial rollups for practical planet lookups.",Planetary Hours,Planetary hours,Wikipedia web article,,"""Planetary hours,"" Wikipedia.",https://en.wikipedia.org/wiki/Planetary_hours,,,Sun,planet,"Editorial planet rollup for Sun, projected from the corresponding sephirah in this same Golden Dawn lineage.",Sunday,day,,,,day_of,Day,Planetary weekday sequence,Traditional planetary week.,0.9,planet_rollup,true
golden_dawn_777_starter,Golden Dawn / Crowley 777 Starter,"Starter dataset grounded in Golden Dawn style Tree of Life correspondences, Hermetic Library summaries, and a small number of clearly marked editorial rollups for practical planet lookups.",JWMT Tree,The Tree of Life: Filing Cabinet of the Western Mystery Tradition and Methods to Recall the Information,Hermetic Library web text,,"Samuel Scarborough, ""The Tree of Life: Filing Cabinet of the Western Mystery Tradition and Methods to Recall the Information,"" Journal of the Western Mystery Tradition / Hermetic Library.",https://hermetic.com/jwmt/v1n3/treeoflife,,,Venus,planet,"Editorial planet rollup for Venus, projected from the corresponding sephirah in this same Golden Dawn lineage.",Netzach,sephirah,,,,sephirah_correspondence,Sephirah,Netzach Correspondences,Editorial convenience row derived from the associated sephirah profile in the same Golden Dawn / 777-style system; useful for direct planet lookup.,0.8,planet_rollup,true
golden_dawn_777_starter,Golden Dawn / Crowley 777 Starter,"Starter dataset grounded in Golden Dawn style Tree of Life correspondences, Hermetic Library summaries, and a small number of clearly marked editorial rollups for practical planet lookups.",JWMT Tree,The Tree of Life: Filing Cabinet of the Western Mystery Tradition and Methods to Recall the Information,Hermetic Library web text,,"Samuel Scarborough, ""The Tree of Life: Filing Cabinet of the Western Mystery Tradition and Methods to Recall the Information,"" Journal of the Western Mystery Tradition / Hermetic Library.",https://hermetic.com/jwmt/v1n3/treeoflife,,,Venus,planet,"Editorial planet rollup for Venus, projected from the corresponding sephirah in this same Golden Dawn lineage.",7,number,,,,number_of,Number,Netzach Correspondences,Editorial convenience row derived from the associated sephirah profile in the same Golden Dawn / 777-style system; useful for direct planet lookup.,0.8,planet_rollup,true
golden_dawn_777_starter,Golden Dawn / Crowley 777 Starter,"Starter dataset grounded in Golden Dawn style Tree of Life correspondences, Hermetic Library summaries, and a small number of clearly marked editorial rollups for practical planet lookups.",JWMT Tree,The Tree of Life: Filing Cabinet of the Western Mystery Tradition and Methods to Recall the Information,Hermetic Library web text,,"Samuel Scarborough, ""The Tree of Life: Filing Cabinet of the Western Mystery Tradition and Methods to Recall the Information,"" Journal of the Western Mystery Tradition / Hermetic Library.",https://hermetic.com/jwmt/v1n3/treeoflife,,,Venus,planet,"Editorial planet rollup for Venus, projected from the corresponding sephirah in this same Golden Dawn lineage.",Emerald Green,color,,,,color_of,Color,Netzach Correspondences,Editorial convenience row derived from the associated sephirah profile in the same Golden Dawn / 777-style system; useful for direct planet lookup.,0.8,planet_rollup,true
golden_dawn_777_starter,Golden Dawn / Crowley 777 Starter,"Starter dataset grounded in Golden Dawn style Tree of Life correspondences, Hermetic Library summaries, and a small number of clearly marked editorial rollups for practical planet lookups.",JWMT Tree,The Tree of Life: Filing Cabinet of the Western Mystery Tradition and Methods to Recall the Information,Hermetic Library web text,,"Samuel Scarborough, ""The Tree of Life: Filing Cabinet of the Western Mystery Tradition and Methods to Recall the Information,"" Journal of the Western Mystery Tradition / Hermetic Library.",https://hermetic.com/jwmt/v1n3/treeoflife,,,Venus,planet,"Editorial planet rollup for Venus, projected from the corresponding sephirah in this same Golden Dawn lineage.",Copper,metal,,,,metal_of,Metal,Netzach Correspondences,Editorial convenience row derived from the associated sephirah profile in the same Golden Dawn / 777-style system; useful for direct planet lookup.,0.8,planet_rollup,true
golden_dawn_777_starter,Golden Dawn / Crowley 777 Starter,"Starter dataset grounded in Golden Dawn style Tree of Life correspondences, Hermetic Library summaries, and a small number of clearly marked editorial rollups for practical planet lookups.",JWMT Tree,The Tree of Life: Filing Cabinet of the Western Mystery Tradition and Methods to Recall the Information,Hermetic Library web text,,"Samuel Scarborough, ""The Tree of Life: Filing Cabinet of the Western Mystery Tradition and Methods to Recall the Information,"" Journal of the Western Mystery Tradition / Hermetic Library.",https://hermetic.com/jwmt/v1n3/treeoflife,,,Venus,planet,"Editorial planet rollup for Venus, projected from the corresponding sephirah in this same Golden Dawn lineage.",Haniel,angel,,,,archangel_of,Archangel,Netzach Correspondences,Editorial convenience row derived from the associated sephirah profile in the same Golden Dawn / 777-style system; useful for direct planet lookup.,0.8,planet_rollup,true
golden_dawn_777_starter,Golden Dawn / Crowley 777 Starter,"Starter dataset grounded in Golden Dawn style Tree of Life correspondences, Hermetic Library summaries, and a small number of clearly marked editorial rollups for practical planet lookups.",JWMT Tree,The Tree of Life: Filing Cabinet of the Western Mystery Tradition and Methods to Recall the Information,Hermetic Library web text,,"Samuel Scarborough, ""The Tree of Life: Filing Cabinet of the Western Mystery Tradition and Methods to Recall the Information,"" Journal of the Western Mystery Tradition / Hermetic Library.",https://hermetic.com/jwmt/v1n3/treeoflife,,,Venus,planet,"Editorial planet rollup for Venus, projected from the corresponding sephirah in this same Golden Dawn lineage.",Emerald,stone,,,,stone_of,Stone,Netzach Correspondences,Editorial convenience row derived from the associated sephirah profile in the same Golden Dawn / 777-style system; useful for direct planet lookup.,0.8,planet_rollup,true
golden_dawn_777_starter,Golden Dawn / Crowley 777 Starter,"Starter dataset grounded in Golden Dawn style Tree of Life correspondences, Hermetic Library summaries, and a small number of clearly marked editorial rollups for practical planet lookups.",JWMT Tree,The Tree of Life: Filing Cabinet of the Western Mystery Tradition and Methods to Recall the Information,Hermetic Library web text,,"Samuel Scarborough, ""The Tree of Life: Filing Cabinet of the Western Mystery Tradition and Methods to Recall the Information,"" Journal of the Western Mystery Tradition / Hermetic Library.",https://hermetic.com/jwmt/v1n3/treeoflife,,,Venus,planet,"Editorial planet rollup for Venus, projected from the corresponding sephirah in this same Golden Dawn lineage.",Rose,plant,,,,plant_of,Plant,Netzach Correspondences,Editorial convenience row derived from the associated sephirah profile in the same Golden Dawn / 777-style system; useful for direct planet lookup.,0.8,planet_rollup,true
golden_dawn_777_starter,Golden Dawn / Crowley 777 Starter,"Starter dataset grounded in Golden Dawn style Tree of Life correspondences, Hermetic Library summaries, and a small number of clearly marked editorial rollups for practical planet lookups.",JWMT Tree,The Tree of Life: Filing Cabinet of the Western Mystery Tradition and Methods to Recall the Information,Hermetic Library web text,,"Samuel Scarborough, ""The Tree of Life: Filing Cabinet of the Western Mystery Tradition and Methods to Recall the Information,"" Journal of the Western Mystery Tradition / Hermetic Library.",https://hermetic.com/jwmt/v1n3/treeoflife,,,Venus,planet,"Editorial planet rollup for Venus, projected from the corresponding sephirah in this same Golden Dawn lineage.",Rose,perfume,,,,perfume_of,Perfume,Netzach Correspondences,Editorial convenience row derived from the associated sephirah profile in the same Golden Dawn / 777-style system; useful for direct planet lookup.,0.8,planet_rollup,true
golden_dawn_777_starter,Golden Dawn / Crowley 777 Starter,"Starter dataset grounded in Golden Dawn style Tree of Life correspondences, Hermetic Library summaries, and a small number of clearly marked editorial rollups for practical planet lookups.",Planetary Hours,Planetary hours,Wikipedia web article,,"""Planetary hours,"" Wikipedia.",https://en.wikipedia.org/wiki/Planetary_hours,,,Venus,planet,"Editorial planet rollup for Venus, projected from the corresponding sephirah in this same Golden Dawn lineage.",Friday,day,,,,day_of,Day,Planetary weekday sequence,Traditional planetary week.,0.9,planet_rollup,true
golden_dawn_777_starter,Golden Dawn / Crowley 777 Starter,"Starter dataset grounded in Golden Dawn style Tree of Life correspondences, Hermetic Library summaries, and a small number of clearly marked editorial rollups for practical planet lookups.",JWMT Tree,The Tree of Life: Filing Cabinet of the Western Mystery Tradition and Methods to Recall the Information,Hermetic Library web text,,"Samuel Scarborough, ""The Tree of Life: Filing Cabinet of the Western Mystery Tradition and Methods to Recall the Information,"" Journal of the Western Mystery Tradition / Hermetic Library.",https://hermetic.com/jwmt/v1n3/treeoflife,,,Mercury,planet,"Editorial planet rollup for Mercury, projected from the corresponding sephirah in this same Golden Dawn lineage.",Hod,sephirah,,,,sephirah_correspondence,Sephirah,Hod Correspondences,Editorial convenience row derived from the associated sephirah profile in the same Golden Dawn / 777-style system; useful for direct planet lookup.,0.8,planet_rollup,true
golden_dawn_777_starter,Golden Dawn / Crowley 777 Starter,"Starter dataset grounded in Golden Dawn style Tree of Life correspondences, Hermetic Library summaries, and a small number of clearly marked editorial rollups for practical planet lookups.",JWMT Tree,The Tree of Life: Filing Cabinet of the Western Mystery Tradition and Methods to Recall the Information,Hermetic Library web text,,"Samuel Scarborough, ""The Tree of Life: Filing Cabinet of the Western Mystery Tradition and Methods to Recall the Information,"" Journal of the Western Mystery Tradition / Hermetic Library.",https://hermetic.com/jwmt/v1n3/treeoflife,,,Mercury,planet,"Editorial planet rollup for Mercury, projected from the corresponding sephirah in this same Golden Dawn lineage.",8,number,,,,number_of,Number,Hod Correspondences,Editorial convenience row derived from the associated sephirah profile in the same Golden Dawn / 777-style system; useful for direct planet lookup.,0.8,planet_rollup,true
golden_dawn_777_starter,Golden Dawn / Crowley 777 Starter,"Starter dataset grounded in Golden Dawn style Tree of Life correspondences, Hermetic Library summaries, and a small number of clearly marked editorial rollups for practical planet lookups.",JWMT Tree,The Tree of Life: Filing Cabinet of the Western Mystery Tradition and Methods to Recall the Information,Hermetic Library web text,,"Samuel Scarborough, ""The Tree of Life: Filing Cabinet of the Western Mystery Tradition and Methods to Recall the Information,"" Journal of the Western Mystery Tradition / Hermetic Library.",https://hermetic.com/jwmt/v1n3/treeoflife,,,Mercury,planet,"Editorial planet rollup for Mercury, projected from the corresponding sephirah in this same Golden Dawn lineage.",Orange,color,,,,color_of,Color,Hod Correspondences,Editorial convenience row derived from the associated sephirah profile in the same Golden Dawn / 777-style system; useful for direct planet lookup.,0.8,planet_rollup,true
golden_dawn_777_starter,Golden Dawn / Crowley 777 Starter,"Starter dataset grounded in Golden Dawn style Tree of Life correspondences, Hermetic Library summaries, and a small number of clearly marked editorial rollups for practical planet lookups.",JWMT Tree,The Tree of Life: Filing Cabinet of the Western Mystery Tradition and Methods to Recall the Information,Hermetic Library web text,,"Samuel Scarborough, ""The Tree of Life: Filing Cabinet of the Western Mystery Tradition and Methods to Recall the Information,"" Journal of the Western Mystery Tradition / Hermetic Library.",https://hermetic.com/jwmt/v1n3/treeoflife,,,Mercury,planet,"Editorial planet rollup for Mercury, projected from the corresponding sephirah in this same Golden Dawn lineage.",Mercury,metal,,,,metal_of,Metal,Hod Correspondences,Editorial convenience row derived from the associated sephirah profile in the same Golden Dawn / 777-style system; useful for direct planet lookup.,0.8,planet_rollup,true
golden_dawn_777_starter,Golden Dawn / Crowley 777 Starter,"Starter dataset grounded in Golden Dawn style Tree of Life correspondences, Hermetic Library summaries, and a small number of clearly marked editorial rollups for practical planet lookups.",JWMT Tree,The Tree of Life: Filing Cabinet of the Western Mystery Tradition and Methods to Recall the Information,Hermetic Library web text,,"Samuel Scarborough, ""The Tree of Life: Filing Cabinet of the Western Mystery Tradition and Methods to Recall the Information,"" Journal of the Western Mystery Tradition / Hermetic Library.",https://hermetic.com/jwmt/v1n3/treeoflife,,,Mercury,planet,"Editorial planet rollup for Mercury, projected from the corresponding sephirah in this same Golden Dawn lineage.",Michael,angel,,,,archangel_of,Archangel,Hod Correspondences,Editorial convenience row derived from the associated sephirah profile in the same Golden Dawn / 777-style system; useful for direct planet lookup.,0.8,planet_rollup,true
golden_dawn_777_starter,Golden Dawn / Crowley 777 Starter,"Starter dataset grounded in Golden Dawn style Tree of Life correspondences, Hermetic Library summaries, and a small number of clearly marked editorial rollups for practical planet lookups.",JWMT Tree,The Tree of Life: Filing Cabinet of the Western Mystery Tradition and Methods to Recall the Information,Hermetic Library web text,,"Samuel Scarborough, ""The Tree of Life: Filing Cabinet of the Western Mystery Tradition and Methods to Recall the Information,"" Journal of the Western Mystery Tradition / Hermetic Library.",https://hermetic.com/jwmt/v1n3/treeoflife,,,Mercury,planet,"Editorial planet rollup for Mercury, projected from the corresponding sephirah in this same Golden Dawn lineage.",Fire Opal,stone,,,,stone_of,Stone,Hod Correspondences,Editorial convenience row derived from the associated sephirah profile in the same Golden Dawn / 777-style system; useful for direct planet lookup.,0.8,planet_rollup,true
golden_dawn_777_starter,Golden Dawn / Crowley 777 Starter,"Starter dataset grounded in Golden Dawn style Tree of Life correspondences, Hermetic Library summaries, and a small number of clearly marked editorial rollups for practical planet lookups.",JWMT Tree,The Tree of Life: Filing Cabinet of the Western Mystery Tradition and Methods to Recall the Information,Hermetic Library web text,,"Samuel Scarborough, ""The Tree of Life: Filing Cabinet of the Western Mystery Tradition and Methods to Recall the Information,"" Journal of the Western Mystery Tradition / Hermetic Library.",https://hermetic.com/jwmt/v1n3/treeoflife,,,Mercury,planet,"Editorial planet rollup for Mercury, projected from the corresponding sephirah in this same Golden Dawn lineage.",Orchid,plant,,,,plant_of,Plant,Hod Correspondences,Editorial convenience row derived from the associated sephirah profile in the same Golden Dawn / 777-style system; useful for direct planet lookup.,0.8,planet_rollup,true
golden_dawn_777_starter,Golden Dawn / Crowley 777 Starter,"Starter dataset grounded in Golden Dawn style Tree of Life correspondences, Hermetic Library summaries, and a small number of clearly marked editorial rollups for practical planet lookups.",JWMT Tree,The Tree of Life: Filing Cabinet of the Western Mystery Tradition and Methods to Recall the Information,Hermetic Library web text,,"Samuel Scarborough, ""The Tree of Life: Filing Cabinet of the Western Mystery Tradition and Methods to Recall the Information,"" Journal of the Western Mystery Tradition / Hermetic Library.",https://hermetic.com/jwmt/v1n3/treeoflife,,,Mercury,planet,"Editorial planet rollup for Mercury, projected from the corresponding sephirah in this same Golden Dawn lineage.",Storax,perfume,,,,perfume_of,Perfume,Hod Correspondences,Editorial convenience row derived from the associated sephirah profile in the same Golden Dawn / 777-style system; useful for direct planet lookup.,0.8,planet_rollup,true
golden_dawn_777_starter,Golden Dawn / Crowley 777 Starter,"Starter dataset grounded in Golden Dawn style Tree of Life correspondences, Hermetic Library summaries, and a small number of clearly marked editorial rollups for practical planet lookups.",Planetary Hours,Planetary hours,Wikipedia web article,,"""Planetary hours,"" Wikipedia.",https://en.wikipedia.org/wiki/Planetary_hours,,,Mercury,planet,"Editorial planet rollup for Mercury, projected from the corresponding sephirah in this same Golden Dawn lineage.",Wednesday,day,,,,day_of,Day,Planetary weekday sequence,Traditional planetary week.,0.9,planet_rollup,true
golden_dawn_777_starter,Golden Dawn / Crowley 777 Starter,"Starter dataset grounded in Golden Dawn style Tree of Life correspondences, Hermetic Library summaries, and a small number of clearly marked editorial rollups for practical planet lookups.",JWMT Tree,The Tree of Life: Filing Cabinet of the Western Mystery Tradition and Methods to Recall the Information,Hermetic Library web text,,"Samuel Scarborough, ""The Tree of Life: Filing Cabinet of the Western Mystery Tradition and Methods to Recall the Information,"" Journal of the Western Mystery Tradition / Hermetic Library.",https://hermetic.com/jwmt/v1n3/treeoflife,,,Moon,planet,"Editorial planet rollup for Moon, projected from the corresponding sephirah in this same Golden Dawn lineage.",Yesod,sephirah,,,,sephirah_correspondence,Sephirah,Yesod Correspondences,Editorial convenience row derived from the associated sephirah profile in the same Golden Dawn / 777-style system; useful for direct planet lookup.,0.8,planet_rollup,true
golden_dawn_777_starter,Golden Dawn / Crowley 777 Starter,"Starter dataset grounded in Golden Dawn style Tree of Life correspondences, Hermetic Library summaries, and a small number of clearly marked editorial rollups for practical planet lookups.",JWMT Tree,The Tree of Life: Filing Cabinet of the Western Mystery Tradition and Methods to Recall the Information,Hermetic Library web text,,"Samuel Scarborough, ""The Tree of Life: Filing Cabinet of the Western Mystery Tradition and Methods to Recall the Information,"" Journal of the Western Mystery Tradition / Hermetic Library.",https://hermetic.com/jwmt/v1n3/treeoflife,,,Moon,planet,"Editorial planet rollup for Moon, projected from the corresponding sephirah in this same Golden Dawn lineage.",9,number,,,,number_of,Number,Yesod Correspondences,Editorial convenience row derived from the associated sephirah profile in the same Golden Dawn / 777-style system; useful for direct planet lookup.,0.8,planet_rollup,true
golden_dawn_777_starter,Golden Dawn / Crowley 777 Starter,"Starter dataset grounded in Golden Dawn style Tree of Life correspondences, Hermetic Library summaries, and a small number of clearly marked editorial rollups for practical planet lookups.",JWMT Tree,The Tree of Life: Filing Cabinet of the Western Mystery Tradition and Methods to Recall the Information,Hermetic Library web text,,"Samuel Scarborough, ""The Tree of Life: Filing Cabinet of the Western Mystery Tradition and Methods to Recall the Information,"" Journal of the Western Mystery Tradition / Hermetic Library.",https://hermetic.com/jwmt/v1n3/treeoflife,,,Moon,planet,"Editorial planet rollup for Moon, projected from the corresponding sephirah in this same Golden Dawn lineage.",Violet,color,,,,color_of,Color,Yesod Correspondences,Editorial convenience row derived from the associated sephirah profile in the same Golden Dawn / 777-style system; useful for direct planet lookup.,0.8,planet_rollup,true
golden_dawn_777_starter,Golden Dawn / Crowley 777 Starter,"Starter dataset grounded in Golden Dawn style Tree of Life correspondences, Hermetic Library summaries, and a small number of clearly marked editorial rollups for practical planet lookups.",JWMT Tree,The Tree of Life: Filing Cabinet of the Western Mystery Tradition and Methods to Recall the Information,Hermetic Library web text,,"Samuel Scarborough, ""The Tree of Life: Filing Cabinet of the Western Mystery Tradition and Methods to Recall the Information,"" Journal of the Western Mystery Tradition / Hermetic Library.",https://hermetic.com/jwmt/v1n3/treeoflife,,,Moon,planet,"Editorial planet rollup for Moon, projected from the corresponding sephirah in this same Golden Dawn lineage.",Silver,metal,,,,metal_of,Metal,Yesod Correspondences,Editorial convenience row derived from the associated sephirah profile in the same Golden Dawn / 777-style system; useful for direct planet lookup.,0.8,planet_rollup,true
golden_dawn_777_starter,Golden Dawn / Crowley 777 Starter,"Starter dataset grounded in Golden Dawn style Tree of Life correspondences, Hermetic Library summaries, and a small number of clearly marked editorial rollups for practical planet lookups.",JWMT Tree,The Tree of Life: Filing Cabinet of the Western Mystery Tradition and Methods to Recall the Information,Hermetic Library web text,,"Samuel Scarborough, ""The Tree of Life: Filing Cabinet of the Western Mystery Tradition and Methods to Recall the Information,"" Journal of the Western Mystery Tradition / Hermetic Library.",https://hermetic.com/jwmt/v1n3/treeoflife,,,Moon,planet,"Editorial planet rollup for Moon, projected from the corresponding sephirah in this same Golden Dawn lineage.",Gabriel,angel,,,,archangel_of,Archangel,Yesod Correspondences,Editorial convenience row derived from the associated sephirah profile in the same Golden Dawn / 777-style system; useful for direct planet lookup.,0.8,planet_rollup,true
golden_dawn_777_starter,Golden Dawn / Crowley 777 Starter,"Starter dataset grounded in Golden Dawn style Tree of Life correspondences, Hermetic Library summaries, and a small number of clearly marked editorial rollups for practical planet lookups.",JWMT Tree,The Tree of Life: Filing Cabinet of the Western Mystery Tradition and Methods to Recall the Information,Hermetic Library web text,,"Samuel Scarborough, ""The Tree of Life: Filing Cabinet of the Western Mystery Tradition and Methods to Recall the Information,"" Journal of the Western Mystery Tradition / Hermetic Library.",https://hermetic.com/jwmt/v1n3/treeoflife,,,Moon,planet,"Editorial planet rollup for Moon, projected from the corresponding sephirah in this same Golden Dawn lineage.",Quartz,stone,,,,stone_of,Stone,Yesod Correspondences,Editorial convenience row derived from the associated sephirah profile in the same Golden Dawn / 777-style system; useful for direct planet lookup.,0.8,planet_rollup,true
golden_dawn_777_starter,Golden Dawn / Crowley 777 Starter,"Starter dataset grounded in Golden Dawn style Tree of Life correspondences, Hermetic Library summaries, and a small number of clearly marked editorial rollups for practical planet lookups.",JWMT Tree,The Tree of Life: Filing Cabinet of the Western Mystery Tradition and Methods to Recall the Information,Hermetic Library web text,,"Samuel Scarborough, ""The Tree of Life: Filing Cabinet of the Western Mystery Tradition and Methods to Recall the Information,"" Journal of the Western Mystery Tradition / Hermetic Library.",https://hermetic.com/jwmt/v1n3/treeoflife,,,Moon,planet,"Editorial planet rollup for Moon, projected from the corresponding sephirah in this same Golden Dawn lineage.",Comfrey,plant,,,,plant_of,Plant,Yesod Correspondences,Editorial convenience row derived from the associated sephirah profile in the same Golden Dawn / 777-style system; useful for direct planet lookup.,0.8,planet_rollup,true
golden_dawn_777_starter,Golden Dawn / Crowley 777 Starter,"Starter dataset grounded in Golden Dawn style Tree of Life correspondences, Hermetic Library summaries, and a small number of clearly marked editorial rollups for practical planet lookups.",JWMT Tree,The Tree of Life: Filing Cabinet of the Western Mystery Tradition and Methods to Recall the Information,Hermetic Library web text,,"Samuel Scarborough, ""The Tree of Life: Filing Cabinet of the Western Mystery Tradition and Methods to Recall the Information,"" Journal of the Western Mystery Tradition / Hermetic Library.",https://hermetic.com/jwmt/v1n3/treeoflife,,,Moon,planet,"Editorial planet rollup for Moon, projected from the corresponding sephirah in this same Golden Dawn lineage.",Jasmine,perfume,,,,perfume_of,Perfume,Yesod Correspondences,Editorial convenience row derived from the associated sephirah profile in the same Golden Dawn / 777-style system; useful for direct planet lookup.,0.8,planet_rollup,true
golden_dawn_777_starter,Golden Dawn / Crowley 777 Starter,"Starter dataset grounded in Golden Dawn style Tree of Life correspondences, Hermetic Library summaries, and a small number of clearly marked editorial rollups for practical planet lookups.",Planetary Hours,Planetary hours,Wikipedia web article,,"""Planetary hours,"" Wikipedia.",https://en.wikipedia.org/wiki/Planetary_hours,,,Moon,planet,"Editorial planet rollup for Moon, projected from the corresponding sephirah in this same Golden Dawn lineage.",Monday,day,,,,day_of,Day,Planetary weekday sequence,Traditional planetary week.,0.9,planet_rollup,true
